time,temperature,humidity,pressure,di
2019/03/08 00:00:41,19.98,44.3,1008.48,64.91
2019/03/08 00:01:40,19.95,44.1,1008.46,64.86
2019/03/08 00:02:39,20.03,43.76,1008.4,64.94
2019/03/08 00:03:38,19.99,43.94,1008.37,64.91
2019/03/08 00:04:39,19.94,43.74,1008.33,64.83
2019/03/08 00:05:42,19.93,43.99,1008.42,64.83
2019/03/08 00:06:39,19.86,44.59,1008.41,64.78
2019/03/08 00:07:39,19.78,44.26,1008.44,64.66
2019/03/08 00:08:39,19.75,44.41,1008.48,64.62
2019/03/08 00:09:38,19.68,44.34,1008.53,64.54
2019/03/08 00:10:41,19.62,44.43,1008.59,64.47
2019/03/08 00:11:39,19.57,44.63,1008.62,64.42
2019/03/08 00:12:39,19.53,44.49,1008.58,64.36
2019/03/08 00:13:40,19.58,44.4,1008.6,64.42
2019/03/08 00:14:39,19.57,44.26,1008.57,64.4
2019/03/08 00:15:42,19.55,44.34,1008.59,64.38
2019/03/08 00:16:39,19.54,44.43,1008.57,64.37
2019/03/08 00:17:40,19.53,44.41,1008.55,64.35
2019/03/08 00:18:39,19.5,44.38,1008.6,64.31
2019/03/08 00:19:39,19.46,44.62,1008.59,64.28
2019/03/08 00:20:42,19.47,44.56,1008.66,64.29
2019/03/08 00:21:39,19.51,44.92,1008.65,64.35
2019/03/08 00:22:39,19.51,45.01,1008.65,64.36
2019/03/08 00:23:39,19.5,44.64,1008.66,64.33
2019/03/08 00:24:40,19.5,44.88,1008.66,64.34
2019/03/08 00:25:41,19.51,44.5,1008.68,64.34
2019/03/08 00:26:39,19.49,44.56,1008.7,64.32
2019/03/08 00:27:39,19.48,44.3,1008.74,64.29
2019/03/08 00:28:39,19.47,44.31,1008.71,64.27
2019/03/08 00:29:39,19.43,44.55,1008.75,64.24
2019/03/08 00:30:41,19.4,44.65,1008.75,64.2
2019/03/08 00:31:39,19.38,44.63,1008.83,64.18
2019/03/08 00:32:39,19.36,44.49,1008.75,64.15
2019/03/08 00:33:38,19.37,44.26,1008.76,64.15
2019/03/08 00:34:39,19.36,44.15,1008.76,64.13
2019/03/08 00:35:41,19.36,44.06,1008.83,64.13
2019/03/08 00:36:39,19.35,44.1,1008.89,64.12
2019/03/08 00:37:39,19.34,43.91,1008.97,64.09
2019/03/08 00:38:39,19.32,44.06,1008.78,64.07
2019/03/08 00:39:40,19.33,44.32,1009.02,64.1
2019/03/08 00:40:42,19.33,44.34,1008.91,64.11
2019/03/08 00:41:39,19.29,44.56,1008.99,64.06
2019/03/08 00:42:38,19.28,44.28,1008.98,64.03
2019/03/08 00:43:38,19.28,44.22,1008.95,64.03
2019/03/08 00:44:38,19.25,44.09,1009.15,63.99
2019/03/08 00:45:41,19.23,44.31,1009.06,63.98
2019/03/08 00:46:39,19.2,44.28,1009.08,63.93
2019/03/08 00:47:39,19.19,44.08,1009.09,63.91
2019/03/08 00:48:39,19.19,44.15,1009.17,63.91
2019/03/08 00:49:39,19.2,44.21,1009.16,63.93
2019/03/08 00:50:41,19.2,43.94,1009.14,63.92
2019/03/08 00:51:39,19.19,43.93,1009.12,63.9
2019/03/08 00:52:39,19.16,43.8,1009.09,63.86
2019/03/08 00:53:39,19.16,43.75,1009.12,63.86
2019/03/08 00:54:39,19.16,43.67,1009.18,63.86
2019/03/08 00:55:41,19.13,43.62,1009.16,63.82
2019/03/08 00:56:39,19.14,43.65,1009.16,63.83
2019/03/08 00:57:39,19.13,43.53,1009.15,63.81
2019/03/08 00:58:39,19.11,43.45,1009.11,63.78
2019/03/08 00:59:39,19.09,43.48,1009.21,63.76
2019/03/08 01:00:41,19.08,43.48,1009.33,63.75
2019/03/08 01:01:39,19.08,43.38,1009.18,63.75
2019/03/08 01:02:39,19.08,43.4,1009.28,63.74
2019/03/08 01:03:39,19.06,43.46,1009.29,63.72
2019/03/08 01:04:38,19.03,43.37,1009.31,63.68
2019/03/08 01:05:41,19.03,43.23,1009.35,63.67
2019/03/08 01:06:39,19.01,43.18,1009.42,63.65
2019/03/08 01:07:39,18.99,43.17,1009.34,63.62
2019/03/08 01:08:39,18.99,43.15,1009.39,63.62
2019/03/08 01:09:39,18.97,43.05,1009.41,63.59
2019/03/08 01:10:41,18.96,43.05,1009.36,63.58
2019/03/08 01:11:39,18.94,43.08,1009.52,63.55
2019/03/08 01:12:39,18.93,43.02,1009.55,63.54
2019/03/08 01:13:40,18.91,43.05,1009.58,63.52
2019/03/08 01:14:39,18.9,43.04,1009.5,63.5
2019/03/08 01:15:41,18.89,43.02,1009.54,63.49
2019/03/08 01:16:39,18.88,43.06,1009.66,63.48
2019/03/08 01:17:39,18.87,43.19,1009.72,63.47
2019/03/08 01:18:39,18.85,43.2,1009.66,63.45
2019/03/08 01:19:39,18.85,43.14,1009.61,63.45
2019/03/08 01:20:41,18.84,43.28,1009.7,63.44
2019/03/08 01:21:39,18.82,43.48,1009.71,63.42
2019/03/08 01:22:39,18.79,43.16,1009.69,63.37
2019/03/08 01:23:40,18.79,43.32,1009.74,63.38
2019/03/08 01:24:39,18.8,43.59,1009.71,63.4
2019/03/08 01:25:41,18.78,43.44,1009.62,63.37
2019/03/08 01:26:40,18.78,43.34,1009.62,63.37
2019/03/08 01:27:39,18.77,43.42,1009.61,63.36
2019/03/08 01:28:39,18.75,43.29,1009.71,63.33
2019/03/08 01:29:40,18.75,43.3,1009.66,63.34
2019/03/08 01:30:41,18.75,43.23,1009.6,63.33
2019/03/08 01:31:39,18.73,43.2,1009.68,63.31
2019/03/08 01:32:39,18.69,43.2,1009.74,63.25
2019/03/08 01:33:39,18.68,43.26,1009.73,63.25
2019/03/08 01:34:39,18.7,43.3,1009.87,63.28
2019/03/08 01:35:41,18.7,43.23,1009.86,63.27
2019/03/08 01:36:39,18.7,43.13,1009.86,63.26
2019/03/08 01:37:39,18.7,43.1,1009.9,63.27
2019/03/08 01:38:39,18.71,43.18,1009.89,63.28
2019/03/08 01:39:39,18.72,43.28,1009.96,63.3
2019/03/08 01:40:41,18.7,42.95,1009.93,63.26
2019/03/08 01:41:39,18.68,43.11,1009.95,63.24
2019/03/08 01:42:38,18.67,43.09,1009.97,63.22
2019/03/08 01:43:39,18.65,42.99,1010.05,63.2
2019/03/08 01:44:39,18.62,42.89,1010.06,63.16
2019/03/08 01:45:41,18.64,42.8,1010.11,63.18
2019/03/08 01:46:39,18.63,42.9,1010.13,63.17
2019/03/08 01:47:39,18.62,42.88,1010.22,63.16
2019/03/08 01:48:39,18.62,42.69,1010.23,63.15
2019/03/08 01:49:40,18.58,42.88,1010.15,63.11
2019/03/08 01:50:41,18.58,42.91,1010.22,63.11
2019/03/08 01:51:39,18.58,42.9,1010.23,63.11
2019/03/08 01:52:39,18.58,43.02,1010.35,63.11
2019/03/08 01:53:39,18.56,43.1,1010.35,63.09
2019/03/08 01:54:38,18.55,43.07,1010.44,63.07
2019/03/08 01:55:41,18.52,43.15,1010.34,63.05
2019/03/08 01:56:40,18.52,43.08,1010.53,63.04
2019/03/08 01:57:39,18.48,43.21,1010.46,63.0
2019/03/08 01:58:39,18.5,43.25,1010.38,63.02
2019/03/08 01:59:38,18.48,43.44,1010.4,63.01
2019/03/08 02:00:41,18.47,43.46,1010.44,63.0
2019/03/08 02:01:38,18.47,43.52,1010.51,62.99
2019/03/08 02:02:39,18.46,43.46,1010.4,62.98
2019/03/08 02:03:40,18.44,43.52,1010.38,62.96
2019/03/08 02:04:39,18.44,44.2,1010.42,62.99
2019/03/08 02:05:41,18.43,44.41,1010.43,62.98
2019/03/08 02:06:40,18.42,43.76,1010.43,62.94
2019/03/08 02:07:39,18.42,43.65,1010.45,62.94
2019/03/08 02:08:39,18.41,43.62,1010.5,62.93
2019/03/08 02:09:39,18.4,43.76,1010.48,62.92
2019/03/08 02:10:41,18.41,43.71,1010.49,62.93
2019/03/08 02:11:39,18.39,43.71,1010.52,62.91
2019/03/08 02:12:39,18.4,43.9,1010.4,62.93
2019/03/08 02:13:38,18.39,43.94,1010.46,62.92
2019/03/08 02:14:39,18.36,43.84,1010.52,62.87
2019/03/08 02:15:41,18.35,43.65,1010.44,62.85
2019/03/08 02:16:39,18.34,43.63,1010.48,62.84
2019/03/08 02:17:40,18.34,43.59,1010.41,62.84
2019/03/08 02:18:39,18.36,43.54,1010.41,62.86
2019/03/08 02:19:40,18.36,43.58,1010.47,62.86
2019/03/08 02:20:41,18.35,43.45,1010.42,62.85
2019/03/08 02:21:39,18.33,43.55,1010.41,62.82
2019/03/08 02:22:39,18.31,43.46,1010.38,62.8
2019/03/08 02:23:39,18.32,43.77,1010.42,62.82
2019/03/08 02:24:40,18.31,43.6,1010.37,62.8
2019/03/08 02:25:41,18.3,43.58,1010.42,62.79
2019/03/08 02:26:39,18.29,43.47,1010.45,62.77
2019/03/08 02:27:39,18.31,43.57,1010.49,62.8
2019/03/08 02:28:39,18.29,43.57,1010.45,62.78
2019/03/08 02:29:39,18.28,43.64,1010.52,62.77
2019/03/08 02:30:42,18.27,43.47,1010.47,62.75
2019/03/08 02:31:40,18.27,43.24,1010.52,62.73
2019/03/08 02:32:40,18.25,43.46,1010.52,62.72
2019/03/08 02:33:39,18.25,43.51,1010.39,62.72
2019/03/08 02:34:39,18.22,43.49,1010.44,62.69
2019/03/08 02:35:41,18.21,43.99,1010.32,62.69
2019/03/08 02:36:40,18.21,43.58,1010.37,62.68
2019/03/08 02:37:38,18.2,43.46,1010.33,62.66
2019/03/08 02:38:39,18.19,43.39,1010.34,62.65
2019/03/08 02:39:39,18.18,43.35,1010.37,62.63
2019/03/08 02:40:42,18.2,43.18,1010.43,62.65
2019/03/08 02:41:39,18.19,43.34,1010.39,62.64
2019/03/08 02:42:39,18.18,43.29,1010.48,62.63
2019/03/08 02:43:39,18.17,43.2,1010.38,62.61
2019/03/08 02:44:39,18.15,43.11,1010.48,62.58
2019/03/08 02:45:40,18.14,43.07,1010.41,62.57
2019/03/08 02:46:39,18.14,43.29,1010.38,62.58
2019/03/08 02:47:39,18.13,43.23,1010.47,62.56
2019/03/08 02:48:39,18.12,42.84,1010.4,62.53
2019/03/08 02:49:39,18.1,43.07,1010.44,62.52
2019/03/08 02:50:41,18.08,43.02,1010.41,62.49
2019/03/08 02:51:39,18.07,43.02,1010.37,62.48
2019/03/08 02:52:39,18.08,43.02,1010.42,62.49
2019/03/08 02:53:40,18.06,42.86,1010.43,62.46
2019/03/08 02:54:39,18.07,42.83,1010.35,62.48
2019/03/08 02:55:41,18.05,42.93,1010.39,62.45
2019/03/08 02:56:39,18.05,42.78,1010.39,62.45
2019/03/08 02:57:39,18.06,43.03,1010.36,62.47
2019/03/08 02:58:40,18.07,43.0,1010.43,62.48
2019/03/08 02:59:39,18.05,43.04,1010.36,62.45
2019/03/08 03:00:42,18.04,42.8,1010.55,62.43
2019/03/08 03:01:39,18.03,42.79,1010.59,62.42
2019/03/08 03:02:39,18.02,42.84,1010.53,62.41
2019/03/08 03:03:39,18.01,42.98,1010.53,62.4
2019/03/08 03:04:39,17.98,42.88,1010.54,62.37
2019/03/08 03:05:41,17.99,42.8,1010.63,62.37
2019/03/08 03:06:39,17.98,42.65,1010.59,62.36
2019/03/08 03:07:39,17.96,42.69,1010.64,62.33
2019/03/08 03:08:39,17.96,42.72,1010.71,62.33
2019/03/08 03:09:40,17.95,42.84,1010.57,62.33
2019/03/08 03:10:41,17.96,42.83,1010.58,62.34
2019/03/08 03:11:40,17.96,42.76,1010.66,62.34
2019/03/08 03:12:39,17.95,42.69,1010.67,62.32
2019/03/08 03:13:39,17.95,42.61,1010.73,62.32
2019/03/08 03:14:39,17.94,42.74,1010.76,62.31
2019/03/08 03:15:41,17.94,42.75,1010.9,62.31
2019/03/08 03:16:38,17.92,42.65,1010.83,62.28
2019/03/08 03:17:39,17.92,42.87,1010.78,62.29
2019/03/08 03:18:39,17.92,42.89,1010.89,62.29
2019/03/08 03:19:39,17.92,42.87,1010.89,62.29
2019/03/08 03:20:41,17.92,43.01,1010.88,62.29
2019/03/08 03:21:39,17.93,43.14,1010.95,62.31
2019/03/08 03:22:39,17.91,43.13,1010.92,62.29
2019/03/08 03:23:39,17.89,43.21,1011.02,62.27
2019/03/08 03:24:38,17.89,43.05,1010.94,62.26
2019/03/08 03:25:41,17.86,43.11,1010.87,62.22
2019/03/08 03:26:38,17.85,43.03,1010.93,62.21
2019/03/08 03:27:39,17.84,43.04,1011.02,62.2
2019/03/08 03:28:39,17.84,43.05,1010.97,62.2
2019/03/08 03:29:39,17.82,42.9,1010.99,62.17
2019/03/08 03:30:41,17.83,42.97,1011.14,62.19
2019/03/08 03:31:39,17.83,43.19,1011.11,62.19
2019/03/08 03:32:39,17.82,42.92,1011.14,62.17
2019/03/08 03:33:39,17.86,43.44,1011.13,62.24
2019/03/08 03:34:39,17.85,43.29,1011.14,62.22
2019/03/08 03:35:41,17.81,43.24,1011.18,62.17
2019/03/08 03:36:39,17.79,43.19,1011.2,62.14
2019/03/08 03:37:40,17.78,43.2,1011.24,62.13
2019/03/08 03:38:39,17.77,43.21,1011.22,62.12
2019/03/08 03:39:39,17.75,43.12,1011.22,62.09
2019/03/08 03:40:41,17.75,43.05,1011.34,62.09
2019/03/08 03:41:39,17.74,42.95,1011.3,62.07
2019/03/08 03:42:39,17.72,42.9,1011.4,62.04
2019/03/08 03:43:39,17.7,42.86,1011.37,62.02
2019/03/08 03:44:39,17.7,42.74,1011.47,62.01
2019/03/08 03:45:41,17.68,42.8,1011.45,62.0
2019/03/08 03:46:40,17.69,42.68,1011.48,62.0
2019/03/08 03:47:39,17.68,42.66,1011.5,61.99
2019/03/08 03:48:39,17.66,42.88,1011.52,61.97
2019/03/08 03:49:39,17.65,42.7,1011.55,61.96
2019/03/08 03:50:41,17.62,42.49,1011.61,61.91
2019/03/08 03:51:39,17.81,42.28,1011.69,62.13
2019/03/08 03:52:39,18.0,41.8,1011.74,62.35
2019/03/08 03:53:39,18.43,40.69,1011.56,62.83
2019/03/08 03:54:39,18.62,40.17,1011.55,63.05
2019/03/08 03:55:41,18.9,39.44,1011.58,63.34
2019/03/08 03:56:39,19.1,39.27,1011.61,63.58
2019/03/08 03:57:39,19.27,38.82,1011.47,63.77
2019/03/08 03:58:39,19.35,38.78,1011.55,63.85
2019/03/08 03:59:39,19.54,38.36,1011.51,64.07
2019/03/08 04:00:41,19.64,38.26,1011.54,64.18
2019/03/08 04:01:39,19.42,38.59,1011.61,63.93
2019/03/08 04:02:39,19.16,39.18,1011.57,63.65
2019/03/08 04:03:40,18.98,40.49,1011.75,63.49
2019/03/08 04:04:39,18.79,40.96,1011.62,63.28
2019/03/08 04:05:41,18.62,41.49,1011.71,63.1
2019/03/08 04:06:39,18.51,42.51,1011.79,63.01
2019/03/08 04:07:39,18.42,42.64,1011.65,62.9
2019/03/08 04:08:39,18.36,42.79,1011.68,62.83
2019/03/08 04:09:39,18.3,42.62,1011.86,62.75
2019/03/08 04:10:41,18.24,42.48,1011.86,62.67
2019/03/08 04:11:39,18.18,42.39,1011.81,62.6
2019/03/08 04:12:39,18.15,42.7,1011.87,62.57
2019/03/08 04:13:39,18.13,43.35,1011.85,62.56
2019/03/08 04:14:39,18.11,43.74,1011.88,62.56
2019/03/08 04:15:41,18.08,43.3,1011.99,62.5
2019/03/08 04:16:39,18.08,43.65,1011.96,62.52
2019/03/08 04:17:39,18.04,43.61,1012.0,62.47
2019/03/08 04:18:38,18.01,43.54,1011.94,62.42
2019/03/08 04:19:39,18.01,43.85,1012.05,62.44
2019/03/08 04:20:41,17.99,43.27,1012.06,62.39
2019/03/08 04:21:39,17.99,43.93,1012.06,62.41
2019/03/08 04:22:39,18.0,44.15,1012.04,62.44
2019/03/08 04:23:39,17.96,43.73,1012.08,62.37
2019/03/08 04:24:39,17.95,43.82,1012.13,62.35
2019/03/08 04:25:42,17.93,43.57,1012.07,62.32
2019/03/08 04:26:39,17.93,43.45,1012.05,62.32
2019/03/08 04:27:39,17.92,43.19,1012.17,62.3
2019/03/08 04:28:38,17.89,43.46,1012.09,62.27
2019/03/08 04:29:39,17.89,43.89,1012.12,62.29
2019/03/08 04:30:41,17.95,44.58,1012.06,62.39
2019/03/08 04:31:39,17.96,44.95,1012.15,62.41
2019/03/08 04:32:39,17.91,44.76,1012.18,62.34
2019/03/08 04:33:39,17.88,44.1,1012.14,62.28
2019/03/08 04:34:39,17.86,43.61,1012.11,62.24
2019/03/08 04:35:41,17.82,43.35,1012.13,62.18
2019/03/08 04:36:39,17.81,43.27,1012.14,62.17
2019/03/08 04:37:39,17.8,43.11,1012.13,62.16
2019/03/08 04:38:39,17.8,43.14,1012.17,62.15
2019/03/08 04:39:39,17.8,43.2,1012.15,62.15
2019/03/08 04:40:42,17.79,43.15,1012.18,62.14
2019/03/08 04:41:39,17.78,43.19,1012.19,62.13
2019/03/08 04:42:39,17.77,43.14,1012.16,62.12
2019/03/08 04:43:39,17.76,43.37,1012.17,62.11
2019/03/08 04:44:39,17.76,43.2,1012.14,62.11
2019/03/08 04:45:42,17.75,43.04,1012.17,62.09
2019/03/08 04:46:39,17.73,42.91,1012.17,62.06
2019/03/08 04:47:40,17.73,42.8,1012.21,62.05
2019/03/08 04:48:40,17.71,42.81,1012.16,62.03
2019/03/08 04:49:39,17.7,42.9,1012.16,62.02
2019/03/08 04:50:41,17.7,42.78,1012.32,62.01
2019/03/08 04:51:39,17.68,42.76,1012.29,61.99
2019/03/08 04:52:40,17.67,42.67,1012.31,61.98
2019/03/08 04:53:39,17.67,42.82,1012.38,61.98
2019/03/08 04:54:38,17.65,42.69,1012.34,61.95
2019/03/08 04:55:41,17.69,42.59,1012.41,62.0
2019/03/08 04:56:38,17.87,42.39,1012.39,62.21
2019/03/08 04:57:39,18.26,41.22,1012.35,62.65
2019/03/08 04:58:39,18.52,40.58,1012.44,62.94
2019/03/08 04:59:38,18.78,39.94,1012.37,63.23
2019/03/08 05:00:41,18.95,39.57,1012.36,63.41
2019/03/08 05:01:39,19.16,39.01,1012.43,63.64
2019/03/08 05:02:39,19.32,38.74,1012.49,63.82
2019/03/08 05:03:39,19.44,38.64,1012.46,63.96
2019/03/08 05:04:39,19.6,38.29,1012.52,64.14
2019/03/08 05:05:41,19.65,38.15,1012.54,64.18
2019/03/08 05:06:40,19.41,38.38,1012.59,63.91
2019/03/08 05:07:39,19.18,38.88,1012.67,63.66
2019/03/08 05:08:39,18.97,39.7,1012.61,63.44
2019/03/08 05:09:39,18.76,40.51,1012.58,63.23
2019/03/08 05:10:41,18.62,41.3,1012.71,63.09
2019/03/08 05:11:39,18.47,41.66,1012.67,62.92
2019/03/08 05:12:39,18.39,42.02,1012.65,62.84
2019/03/08 05:13:40,18.3,42.14,1012.7,62.73
2019/03/08 05:14:39,18.26,41.94,1012.75,62.68
2019/03/08 05:15:40,18.24,41.91,1012.77,62.65
2019/03/08 05:16:39,18.19,41.96,1012.76,62.59
2019/03/08 05:17:39,18.18,41.57,1012.9,62.57
2019/03/08 05:18:39,18.15,41.95,1012.77,62.54
2019/03/08 05:19:39,18.12,41.94,1012.8,62.51
2019/03/08 05:20:41,18.08,41.73,1012.87,62.45
2019/03/08 05:21:40,18.08,41.82,1012.89,62.45
2019/03/08 05:22:39,18.06,41.84,1012.88,62.43
2019/03/08 05:23:39,18.04,42.02,1012.87,62.4
2019/03/08 05:24:40,18.01,42.13,1012.99,62.38
2019/03/08 05:25:41,18.01,41.86,1013.04,62.37
2019/03/08 05:26:39,17.97,41.68,1012.92,62.31
2019/03/08 05:27:39,17.93,42.05,1012.96,62.27
2019/03/08 05:28:39,17.91,42.59,1012.87,62.27
2019/03/08 05:29:39,17.9,42.58,1012.88,62.26
2019/03/08 05:30:41,17.87,42.74,1012.87,62.22
2019/03/08 05:31:39,17.85,43.08,1013.0,62.2
2019/03/08 05:32:39,17.83,42.75,1013.03,62.18
2019/03/08 05:33:39,17.81,42.93,1012.99,62.16
2019/03/08 05:34:39,17.84,43.17,1012.88,62.2
2019/03/08 05:35:41,17.82,42.76,1012.93,62.16
2019/03/08 05:36:39,17.78,42.45,1012.89,62.11
2019/03/08 05:37:39,17.77,42.4,1012.87,62.09
2019/03/08 05:38:39,17.76,42.55,1012.85,62.08
2019/03/08 05:39:39,17.74,42.46,1012.88,62.06
2019/03/08 05:40:42,17.72,42.36,1012.86,62.03
2019/03/08 05:41:40,17.71,42.76,1012.91,62.03
2019/03/08 05:42:39,17.7,42.69,1012.92,62.02
2019/03/08 05:43:39,17.71,43.12,1012.98,62.04
2019/03/08 05:44:39,17.73,42.99,1013.05,62.07
2019/03/08 05:45:41,17.71,43.17,1012.96,62.05
2019/03/08 05:46:39,17.71,43.05,1013.01,62.04
2019/03/08 05:47:39,17.69,42.8,1012.97,62.0
2019/03/08 05:48:39,17.66,42.69,1013.0,61.96
2019/03/08 05:49:39,17.64,42.4,1013.16,61.93
2019/03/08 05:50:41,17.62,42.25,1013.04,61.9
2019/03/08 05:51:39,17.61,42.39,1013.11,61.9
2019/03/08 05:52:40,17.6,42.41,1013.16,61.88
2019/03/08 05:53:39,17.6,42.26,1013.14,61.87
2019/03/08 05:54:39,17.61,42.87,1013.23,61.91
2019/03/08 05:55:41,17.91,42.19,1013.21,62.26
2019/03/08 05:56:39,18.18,41.35,1013.25,62.56
2019/03/08 05:57:39,18.5,40.6,1013.13,62.92
2019/03/08 05:58:40,18.72,40.18,1013.27,63.17
2019/03/08 05:59:38,19.03,39.37,1013.22,63.5
2019/03/08 06:00:41,19.23,39.01,1013.21,63.72
2019/03/08 06:01:39,19.33,38.94,1013.18,63.84
2019/03/08 06:02:40,19.5,38.31,1013.22,64.01
2019/03/08 06:03:39,19.6,38.35,1013.21,64.14
2019/03/08 06:04:39,19.63,38.12,1013.25,64.16
2019/03/08 06:05:41,19.47,38.37,1013.26,63.98
2019/03/08 06:06:39,19.18,38.79,1013.26,63.65
2019/03/08 06:07:39,18.92,39.57,1013.43,63.37
2019/03/08 06:08:39,18.74,40.53,1013.46,63.21
2019/03/08 06:09:39,18.56,41.04,1013.37,63.01
2019/03/08 06:10:41,18.45,41.67,1013.5,62.9
2019/03/08 06:11:39,18.37,42.58,1013.46,62.83
2019/03/08 06:12:39,18.32,42.43,1013.65,62.77
2019/03/08 06:13:39,18.27,42.6,1013.59,62.71
2019/03/08 06:14:39,18.22,42.09,1013.56,62.63
2019/03/08 06:15:41,18.13,42.93,1013.64,62.55
2019/03/08 06:16:39,18.09,43.18,1013.57,62.51
2019/03/08 06:17:39,18.05,43.28,1013.61,62.47
2019/03/08 06:18:39,18.02,43.18,1013.72,62.43
2019/03/08 06:19:39,18.01,42.86,1013.7,62.4
2019/03/08 06:20:41,18.0,42.65,1013.9,62.38
2019/03/08 06:21:39,17.98,42.78,1013.94,62.36
2019/03/08 06:22:39,17.96,42.55,1013.86,62.33
2019/03/08 06:23:39,17.94,42.76,1013.96,62.31
2019/03/08 06:24:40,17.88,42.67,1014.01,62.23
2019/03/08 06:25:46,17.85,42.28,1013.96,62.18
2019/03/08 06:26:39,17.86,42.44,1014.08,62.2
2019/03/08 06:27:39,17.84,41.95,1014.08,62.16
2019/03/08 06:28:39,17.8,41.88,1014.12,62.11
2019/03/08 06:29:39,17.78,42.19,1014.15,62.1
2019/03/08 06:30:41,17.75,41.89,1014.17,62.05
2019/03/08 06:31:39,17.75,42.46,1014.15,62.07
2019/03/08 06:32:38,17.76,42.22,1014.18,62.07
2019/03/08 06:33:39,17.75,41.96,1014.17,62.06
2019/03/08 06:34:40,17.74,42.24,1014.33,62.05
2019/03/08 06:35:41,17.77,42.33,1014.28,62.09
2019/03/08 06:36:39,18.04,42.01,1014.33,62.4
2019/03/08 06:37:40,18.33,41.26,1014.3,62.73
2019/03/08 06:38:39,18.65,40.55,1014.32,63.1
2019/03/08 06:39:40,18.88,39.83,1014.45,63.34
2019/03/08 06:40:42,19.1,39.27,1014.43,63.58
2019/03/08 06:41:39,19.35,38.81,1014.44,63.86
2019/03/08 06:42:38,19.48,38.31,1014.39,63.99
2019/03/08 06:43:39,19.59,38.16,1014.47,64.11
2019/03/08 06:44:39,19.7,37.88,1014.43,64.22
2019/03/08 06:45:41,19.89,37.53,1014.55,64.44
2019/03/08 06:46:39,20.14,37.0,1014.49,64.7
2019/03/08 06:47:40,20.41,36.53,1014.47,64.99
2019/03/08 06:48:39,20.45,36.33,1014.51,65.02
2019/03/08 06:49:39,20.79,35.91,1014.52,65.39
2019/03/08 06:50:41,21.14,35.09,1014.48,65.75
2019/03/08 06:51:39,21.31,35.46,1014.61,65.97
2019/03/08 06:52:39,21.39,35.88,1014.54,66.1
2019/03/08 06:53:39,21.5,35.98,1014.54,66.23
2019/03/08 06:54:39,21.61,36.07,1014.53,66.36
2019/03/08 06:55:41,21.62,36.31,1014.54,66.39
2019/03/08 06:56:39,21.56,36.27,1014.49,66.31
2019/03/08 06:57:39,21.72,36.17,1014.45,66.5
2019/03/08 06:58:39,21.76,36.15,1014.46,66.55
2019/03/08 06:59:45,21.89,36.11,1014.47,66.69
2019/03/08 07:00:41,22.01,35.93,1014.45,66.82
2019/03/08 07:01:39,22.0,35.99,1014.47,66.81
2019/03/08 07:02:39,21.91,36.54,1014.45,66.75
2019/03/08 07:03:39,21.94,36.72,1014.49,66.79
2019/03/08 07:04:39,21.84,36.61,1014.63,66.67
2019/03/08 07:05:41,21.85,37.01,1014.67,66.71
2019/03/08 07:06:40,21.81,37.04,1014.63,66.67
2019/03/08 07:07:39,21.93,36.77,1014.74,66.79
2019/03/08 07:08:39,21.97,36.56,1014.77,66.82
2019/03/08 07:09:39,22.03,36.53,1014.82,66.89
2019/03/08 07:10:41,21.97,36.78,1014.85,66.84
2019/03/08 07:11:39,22.09,36.38,1014.86,66.94
2019/03/08 07:12:38,22.06,36.52,1014.83,66.92
2019/03/08 07:13:39,22.03,36.84,1014.98,66.91
2019/03/08 07:14:40,22.12,36.86,1014.86,67.02
2019/03/08 07:15:41,22.04,36.93,1014.91,66.93
2019/03/08 07:16:39,22.19,36.55,1014.92,67.08
2019/03/08 07:17:39,22.18,36.72,1015.02,67.08
2019/03/08 07:18:39,22.14,36.47,1014.9,67.02
2019/03/08 07:19:39,22.15,37.22,1015.01,67.08
2019/03/08 07:20:41,22.11,37.23,1015.08,67.03
2019/03/08 07:21:39,22.07,37.35,1014.98,66.99
2019/03/08 07:22:39,22.13,37.21,1015.09,67.06
2019/03/08 07:23:39,22.12,37.14,1015.02,67.04
2019/03/08 07:24:39,22.16,37.28,1015.09,67.1
2019/03/08 07:25:40,22.13,37.17,1015.15,67.06
2019/03/08 07:26:39,22.17,37.12,1015.16,67.1
2019/03/08 07:27:39,22.23,37.16,1015.15,67.17
2019/03/08 07:28:39,22.18,37.19,1015.23,67.12
2019/03/08 07:29:39,22.24,37.38,1015.16,67.2
2019/03/08 07:30:41,22.19,37.32,1015.22,67.14
2019/03/08 07:31:39,22.37,37.36,1015.15,67.36
2019/03/08 07:32:39,22.47,36.93,1015.28,67.43
2019/03/08 07:33:39,22.48,36.96,1015.24,67.44
2019/03/08 07:34:39,22.56,36.74,1015.25,67.52
2019/03/08 07:35:41,22.51,36.95,1015.21,67.48
2019/03/08 07:36:39,22.6,36.86,1015.29,67.58
2019/03/08 07:37:39,22.71,36.66,1015.31,67.69
2019/03/08 07:38:39,22.64,36.75,1015.31,67.62
2019/03/08 07:39:39,22.66,36.67,1015.28,67.63
2019/03/08 07:40:40,22.66,36.72,1015.42,67.64
2019/03/08 07:41:39,22.71,36.74,1015.45,67.7
2019/03/08 07:42:39,22.7,36.61,1015.47,67.68
2019/03/08 07:43:40,22.76,36.78,1015.43,67.76
2019/03/08 07:44:39,22.7,36.83,1015.51,67.69
2019/03/08 07:45:41,22.62,37.05,1015.59,67.62
2019/03/08 07:46:39,22.48,37.07,1015.6,67.46
2019/03/08 07:47:39,22.41,36.81,1015.62,67.36
2019/03/08 07:48:39,22.47,36.93,1015.63,67.43
2019/03/08 07:49:39,22.59,37.02,1015.7,67.58
2019/03/08 07:50:41,22.68,37.34,1015.7,67.72
2019/03/08 07:51:39,22.61,37.84,1015.82,67.67
2019/03/08 07:52:39,22.67,39.19,1015.76,67.85
2019/03/08 07:53:39,22.75,39.61,1015.73,67.98
2019/03/08 07:54:40,22.75,39.76,1015.78,67.99
2019/03/08 07:55:42,22.75,39.78,1015.78,67.99
2019/03/08 07:56:40,22.74,39.58,1015.77,67.97
2019/03/08 07:57:39,22.76,39.47,1015.91,67.98
2019/03/08 07:58:39,22.82,39.18,1015.88,68.03
2019/03/08 07:59:39,22.76,39.28,1015.94,67.97
2019/03/08 08:00:41,22.73,39.2,1015.99,67.92
2019/03/08 08:01:39,22.71,39.03,1016.01,67.88
2019/03/08 08:02:39,22.59,39.12,1016.03,67.75
2019/03/08 08:03:39,22.44,38.9,1016.07,67.56
2019/03/08 08:04:39,22.27,39.0,1016.02,67.36
2019/03/08 08:05:41,22.15,38.93,1016.2,67.22
2019/03/08 08:06:39,22.09,38.96,1016.1,67.15
2019/03/08 08:07:39,22.0,38.81,1016.13,67.03
2019/03/08 08:08:39,21.98,38.66,1016.11,66.99
2019/03/08 08:09:40,21.92,38.7,1016.18,66.92
2019/03/08 08:10:41,21.94,40.32,1016.22,67.07
2019/03/08 08:11:39,21.94,42.46,1016.11,67.22
2019/03/08 08:12:39,21.98,45.45,1016.07,67.5
2019/03/08 08:13:40,21.99,46.05,1016.19,67.55
2019/03/08 08:14:40,21.98,46.76,1016.12,67.6
2019/03/08 08:15:41,21.98,47.68,1016.15,67.66
2019/03/08 08:16:39,22.0,48.13,1016.12,67.72
2019/03/08 08:17:39,21.97,48.34,1016.18,67.69
2019/03/08 08:18:39,21.94,46.62,1016.22,67.53
2019/03/08 08:19:39,21.91,45.81,1016.22,67.44
2019/03/08 08:20:41,21.9,44.73,1016.17,67.34
2019/03/08 08:21:39,21.91,44.35,1016.27,67.33
2019/03/08 08:22:39,21.91,43.85,1016.3,67.29
2019/03/08 08:23:39,21.87,44.23,1016.33,67.26
2019/03/08 08:24:39,21.87,43.85,1016.26,67.24
2019/03/08 08:25:41,21.88,43.99,1016.27,67.26
2019/03/08 08:26:39,21.87,44.42,1016.28,67.28
2019/03/08 08:27:40,21.82,44.63,1016.33,67.24
2019/03/08 08:28:39,21.8,44.78,1016.34,67.21
2019/03/08 08:29:39,21.76,44.9,1016.34,67.18
2019/03/08 08:30:42,21.79,44.65,1016.35,67.19
2019/03/08 08:31:39,21.74,44.83,1016.41,67.15
2019/03/08 08:32:39,21.74,44.79,1016.32,67.14
2019/03/08 08:33:40,21.72,44.57,1016.4,67.1
2019/03/08 08:34:39,21.71,44.64,1016.43,67.09
2019/03/08 08:35:40,21.68,44.69,1016.42,67.06
2019/03/08 08:36:39,21.65,44.37,1016.42,67.0
2019/03/08 08:37:39,21.65,43.66,1016.42,66.95
2019/03/08 08:38:38,21.63,42.96,1016.35,66.87
2019/03/08 08:39:40,21.59,42.7,1016.37,66.81
2019/03/08 08:40:41,21.59,42.49,1016.41,66.79
2019/03/08 08:41:39,21.59,42.35,1016.31,66.78
2019/03/08 08:42:39,21.6,42.38,1016.46,66.79
2019/03/08 08:43:39,21.58,42.44,1016.35,66.78
2019/03/08 08:44:39,21.58,42.2,1016.35,66.76
2019/03/08 08:45:42,21.58,42.22,1016.45,66.76
2019/03/08 08:46:39,21.58,42.07,1016.51,66.75
2019/03/08 08:47:39,21.55,42.23,1016.57,66.73
2019/03/08 08:48:39,21.53,42.13,1016.56,66.69
2019/03/08 08:49:39,21.55,42.23,1016.56,66.72
2019/03/08 08:50:41,21.7,42.39,1016.57,66.92
2019/03/08 08:51:38,21.99,41.79,1016.62,67.24
2019/03/08 08:52:39,22.23,41.03,1016.55,67.47
2019/03/08 08:53:39,22.42,41.15,1016.61,67.72
2019/03/08 08:54:39,22.79,40.58,1016.52,68.11
2019/03/08 08:55:41,22.99,40.26,1016.6,68.33
2019/03/08 08:56:39,23.03,40.15,1016.59,68.37
2019/03/08 08:57:39,22.83,40.33,1016.59,68.14
2019/03/08 08:58:39,22.6,40.66,1016.66,67.88
2019/03/08 08:59:39,22.41,40.76,1016.75,67.67
2019/03/08 09:00:41,22.25,40.72,1016.68,67.47
2019/03/08 09:01:39,22.14,40.92,1016.72,67.36
2019/03/08 09:02:39,22.03,41.63,1016.74,67.27
2019/03/08 09:03:39,21.96,41.83,1016.86,67.2
2019/03/08 09:04:38,21.88,42.0,1016.72,67.11
2019/03/08 09:05:42,21.84,41.85,1016.76,67.05
2019/03/08 09:06:39,21.82,42.3,1016.76,67.07
2019/03/08 09:07:40,21.8,42.4,1016.78,67.05
2019/03/08 09:08:40,21.8,41.88,1016.86,67.01
2019/03/08 09:09:39,21.76,42.05,1016.81,66.97
2019/03/08 09:10:42,21.71,42.68,1016.84,66.96
2019/03/08 09:11:39,21.7,42.69,1016.87,66.94
2019/03/08 09:12:39,21.68,42.37,1016.9,66.9
2019/03/08 09:13:39,21.67,42.65,1016.88,66.9
2019/03/08 09:14:40,21.64,42.53,1016.71,66.85
2019/03/08 09:15:42,21.62,42.77,1016.79,66.85
2019/03/08 09:16:40,21.61,42.44,1016.77,66.81
2019/03/08 09:17:39,21.59,42.41,1016.79,66.78
2019/03/08 09:18:39,21.58,42.63,1016.82,66.79
2019/03/08 09:19:40,21.57,42.32,1016.82,66.76
2019/03/08 09:20:41,21.57,42.32,1016.75,66.75
2019/03/08 09:21:39,21.56,42.6,1016.84,66.76
2019/03/08 09:22:39,21.55,42.38,1016.93,66.73
2019/03/08 09:23:39,21.52,42.54,1016.89,66.71
2019/03/08 09:24:39,21.51,42.36,1016.83,66.69
2019/03/08 09:25:41,21.51,42.36,1016.83,66.69
2019/03/08 09:26:38,21.49,42.45,1016.89,66.67
2019/03/08 09:27:39,21.47,41.91,1016.86,66.61
2019/03/08 09:28:39,21.47,42.24,1016.9,66.63
2019/03/08 09:29:39,21.47,42.12,1016.81,66.62
2019/03/08 09:30:41,21.46,42.39,1016.84,66.63
2019/03/08 09:31:40,21.44,42.24,1016.94,66.59
2019/03/08 09:32:39,21.41,42.31,1016.93,66.57
2019/03/08 09:33:39,21.42,42.06,1016.96,66.55
2019/03/08 09:34:39,21.42,42.22,1016.94,66.57
2019/03/08 09:35:41,21.41,42.24,1016.92,66.55
2019/03/08 09:36:39,21.38,42.11,1016.97,66.51
2019/03/08 09:37:40,21.37,42.1,1017.09,66.5
2019/03/08 09:38:39,21.35,42.17,1017.03,66.48
2019/03/08 09:39:39,21.34,42.18,1017.05,66.47
2019/03/08 09:40:41,21.34,42.03,1017.02,66.46
2019/03/08 09:41:40,21.34,41.94,1017.07,66.45
2019/03/08 09:42:39,21.33,41.68,1017.06,66.42
2019/03/08 09:43:39,21.32,42.02,1017.03,66.43
2019/03/08 09:44:39,21.3,41.79,1017.02,66.39
2019/03/08 09:45:41,21.3,41.67,1017.1,66.38
2019/03/08 09:46:39,21.3,41.54,1016.94,66.37
2019/03/08 09:47:39,21.27,41.6,1016.95,66.34
2019/03/08 09:48:39,21.26,41.54,1017.06,66.32
2019/03/08 09:49:39,21.25,41.58,1016.97,66.31
2019/03/08 09:50:41,21.25,41.2,1016.99,66.29
2019/03/08 09:51:39,21.24,41.21,1017.06,66.27
2019/03/08 09:52:39,21.23,41.08,1017.15,66.26
2019/03/08 09:53:38,21.21,40.98,1017.12,66.23
2019/03/08 09:54:39,21.2,40.71,1017.16,66.2
2019/03/08 09:55:41,21.19,41.03,1017.21,66.2
2019/03/08 09:56:39,21.18,41.05,1017.17,66.19
2019/03/08 09:57:40,21.15,40.94,1017.12,66.15
2019/03/08 09:58:39,21.15,40.7,1017.12,66.13
2019/03/08 09:59:39,21.15,40.97,1017.14,66.15
2019/03/08 10:00:41,21.15,40.9,1017.3,66.14
2019/03/08 10:01:39,21.13,40.89,1017.22,66.12
2019/03/08 10:02:40,21.13,40.96,1017.3,66.12
2019/03/08 10:03:40,21.11,40.73,1017.32,66.08
2019/03/08 10:04:38,21.1,40.82,1017.36,66.08
2019/03/08 10:05:42,21.06,40.65,1017.31,66.02
2019/03/08 10:06:39,21.05,40.19,1017.27,65.98
2019/03/08 10:07:39,21.06,40.67,1017.35,66.03
2019/03/08 10:08:39,21.07,40.59,1017.35,66.03
2019/03/08 10:09:40,21.05,40.27,1017.29,65.98
2019/03/08 10:10:41,21.04,40.64,1017.36,65.99
2019/03/08 10:11:39,21.04,40.25,1017.33,65.97
2019/03/08 10:12:40,21.04,40.54,1017.3,65.99
2019/03/08 10:13:39,21.03,40.76,1017.5,65.99
2019/03/08 10:14:39,21.02,40.12,1017.35,65.93
2019/03/08 10:15:41,21.02,40.53,1017.38,65.96
2019/03/08 10:16:39,21.0,40.28,1017.38,65.93
2019/03/08 10:17:39,20.99,40.27,1017.43,65.91
2019/03/08 10:18:39,20.99,40.59,1017.48,65.93
2019/03/08 10:19:39,20.97,40.74,1017.4,65.91
2019/03/08 10:20:41,20.96,40.42,1017.41,65.88
2019/03/08 10:21:39,20.92,40.22,1017.36,65.82
2019/03/08 10:22:39,20.89,40.26,1017.51,65.79
2019/03/08 10:23:39,20.89,40.25,1017.45,65.78
2019/03/08 10:24:39,20.85,40.26,1017.46,65.74
2019/03/08 10:25:41,20.83,40.37,1017.35,65.73
2019/03/08 10:26:39,20.82,40.24,1017.51,65.7
2019/03/08 10:27:39,20.8,40.39,1017.48,65.68
2019/03/08 10:28:39,20.8,40.4,1017.59,65.69
2019/03/08 10:29:39,20.76,39.98,1017.45,65.62
2019/03/08 10:30:41,20.72,40.21,1017.48,65.58
2019/03/08 10:31:39,20.7,40.49,1017.45,65.58
2019/03/08 10:32:39,20.73,40.39,1017.5,65.61
2019/03/08 10:33:39,20.7,39.8,1017.34,65.53
2019/03/08 10:34:39,20.65,40.28,1017.38,65.5
2019/03/08 10:35:41,20.66,40.29,1017.51,65.51
2019/03/08 10:36:39,20.66,40.18,1017.35,65.5
2019/03/08 10:37:39,20.64,39.9,1017.45,65.46
2019/03/08 10:38:39,20.62,39.85,1017.44,65.43
2019/03/08 10:39:39,20.61,40.06,1017.24,65.43
2019/03/08 10:40:41,20.6,40.27,1017.31,65.44
2019/03/08 10:41:39,20.58,40.1,1017.42,65.41
2019/03/08 10:42:40,20.56,39.96,1017.46,65.38
2019/03/08 10:43:39,20.55,40.0,1017.5,65.37
2019/03/08 10:44:39,20.56,40.08,1017.38,65.39
2019/03/08 10:45:41,20.52,39.34,1017.34,65.29
2019/03/08 10:46:39,20.5,39.37,1017.43,65.26
2019/03/08 10:47:39,20.5,39.8,1017.46,65.29
2019/03/08 10:48:38,20.5,39.3,1017.41,65.27
2019/03/08 10:49:39,20.49,39.49,1017.39,65.27
2019/03/08 10:50:41,20.47,39.61,1017.44,65.25
2019/03/08 10:51:39,20.45,39.3,1017.4,65.2
2019/03/08 10:52:39,20.47,39.76,1017.51,65.25
2019/03/08 10:53:39,20.44,39.37,1017.47,65.2
2019/03/08 10:54:39,20.42,39.23,1017.52,65.17
2019/03/08 10:55:41,20.43,39.17,1017.44,65.17
2019/03/08 10:56:39,20.43,39.24,1017.48,65.18
2019/03/08 10:57:38,20.41,39.28,1017.57,65.15
2019/03/08 10:58:39,20.39,39.42,1017.49,65.14
2019/03/08 10:59:39,20.39,39.34,1017.38,65.14
2019/03/08 11:00:41,20.36,39.53,1017.38,65.11
2019/03/08 11:01:39,20.35,39.9,1017.41,65.11
2019/03/08 11:02:39,20.35,39.39,1017.48,65.09
2019/03/08 11:03:39,20.32,39.05,1017.5,65.03
2019/03/08 11:04:38,20.29,38.92,1017.43,64.99
2019/03/08 11:05:41,20.27,39.09,1017.49,64.97
2019/03/08 11:06:39,20.24,38.72,1017.53,64.92
2019/03/08 11:07:38,20.24,38.92,1017.45,64.93
2019/03/08 11:08:39,20.23,39.4,1017.43,64.95
2019/03/08 11:09:38,20.24,39.44,1017.45,64.96
2019/03/08 11:10:41,20.21,38.9,1017.45,64.89
2019/03/08 11:11:40,20.19,39.05,1017.47,64.88
2019/03/08 11:12:39,20.17,38.5,1017.44,64.82
2019/03/08 11:13:39,20.15,38.46,1017.45,64.8
2019/03/08 11:14:40,20.14,39.13,1017.41,64.82
2019/03/08 11:15:41,20.13,38.79,1017.26,64.79
2019/03/08 11:16:39,20.13,38.61,1017.31,64.78
2019/03/08 11:17:39,20.1,39.09,1017.36,64.77
2019/03/08 11:18:39,20.09,38.37,1017.38,64.72
2019/03/08 11:19:39,20.1,38.92,1017.48,64.76
2019/03/08 11:20:41,20.09,39.03,1017.43,64.76
2019/03/08 11:21:39,20.08,38.91,1017.47,64.74
2019/03/08 11:22:39,20.06,38.39,1017.45,64.68
2019/03/08 11:23:39,20.04,38.42,1017.35,64.66
2019/03/08 11:24:39,20.01,38.06,1017.48,64.61
2019/03/08 11:25:41,20.01,38.37,1017.4,64.62
2019/03/08 11:26:40,20.0,38.24,1017.41,64.61
2019/03/08 11:27:39,19.96,37.85,1017.4,64.54
2019/03/08 11:28:40,19.95,38.06,1017.42,64.53
2019/03/08 11:29:38,19.94,38.36,1017.35,64.53
2019/03/08 11:30:41,19.93,38.49,1017.42,64.53
2019/03/08 11:31:39,19.92,38.32,1017.49,64.51
2019/03/08 11:32:39,19.91,38.43,1017.46,64.5
2019/03/08 11:33:39,19.91,38.1,1017.52,64.49
2019/03/08 11:34:39,19.89,37.85,1017.49,64.45
2019/03/08 11:35:42,19.87,38.53,1017.51,64.47
2019/03/08 11:36:40,19.87,38.17,1017.48,64.45
2019/03/08 11:37:39,19.85,37.79,1017.37,64.4
2019/03/08 11:38:39,19.84,38.31,1017.43,64.42
2019/03/08 11:39:39,19.84,38.51,1017.46,64.43
2019/03/08 11:40:41,19.84,37.76,1017.45,64.38
2019/03/08 11:41:40,19.83,38.06,1017.46,64.39
2019/03/08 11:42:38,19.8,38.54,1017.44,64.38
2019/03/08 11:43:39,19.79,38.26,1017.36,64.35
2019/03/08 11:44:39,19.77,37.97,1017.5,64.32
2019/03/08 11:45:42,19.78,38.35,1017.54,64.35
2019/03/08 11:46:40,19.76,37.98,1017.43,64.3
2019/03/08 11:47:39,19.73,37.59,1017.43,64.25
2019/03/08 11:48:39,19.73,38.11,1017.43,64.28
2019/03/08 11:49:39,19.73,38.54,1017.4,64.3
2019/03/08 11:50:41,19.73,38.21,1017.39,64.28
2019/03/08 11:51:39,19.71,38.27,1017.53,64.26
2019/03/08 11:52:39,19.69,38.32,1017.41,64.24
2019/03/08 11:53:39,19.67,38.06,1017.46,64.2
2019/03/08 11:54:39,19.66,38.3,1017.47,64.2
2019/03/08 11:55:41,19.65,37.76,1017.6,64.17
2019/03/08 11:56:39,19.63,37.41,1017.43,64.13
2019/03/08 11:57:40,19.63,37.93,1017.58,64.15
2019/03/08 11:58:39,19.63,38.14,1017.45,64.16
2019/03/08 11:59:39,19.62,37.92,1017.4,64.13
2019/03/08 12:00:41,19.61,37.92,1017.46,64.12
2019/03/08 12:01:39,19.61,37.93,1017.49,64.12
2019/03/08 12:02:39,19.62,38.23,1017.4,64.15
2019/03/08 12:03:39,19.62,38.08,1017.4,64.14
2019/03/08 12:04:39,19.57,38.05,1017.37,64.08
2019/03/08 12:05:41,19.53,37.7,1017.41,64.02
2019/03/08 12:06:39,19.54,37.81,1017.41,64.04
2019/03/08 12:07:39,19.52,37.89,1017.29,64.02
2019/03/08 12:08:39,19.48,37.63,1017.48,63.95
2019/03/08 12:09:39,19.51,37.73,1017.53,63.99
2019/03/08 12:10:41,19.51,38.1,1017.49,64.02
2019/03/08 12:11:39,19.51,37.81,1017.54,64.0
2019/03/08 12:12:38,19.51,38.08,1017.53,64.01
2019/03/08 12:13:39,19.5,37.75,1017.6,63.98
2019/03/08 12:14:39,19.48,37.63,1017.54,63.96
2019/03/08 12:15:41,19.47,37.76,1017.39,63.95
2019/03/08 12:16:40,19.45,37.96,1017.44,63.94
2019/03/08 12:17:40,19.47,37.78,1017.52,63.95
2019/03/08 12:18:39,19.44,37.87,1017.33,63.92
2019/03/08 12:19:39,19.41,37.54,1017.39,63.87
2019/03/08 12:20:41,19.43,37.9,1017.45,63.91
2019/03/08 12:21:39,19.4,37.7,1017.35,63.87
2019/03/08 12:22:39,19.38,37.81,1017.28,63.84
2019/03/08 12:23:38,19.36,37.76,1017.34,63.82
2019/03/08 12:24:40,19.36,37.5,1017.29,63.81
2019/03/08 12:25:41,19.38,37.66,1017.2,63.84
2019/03/08 12:26:39,19.37,37.38,1017.36,63.82
2019/03/08 12:27:39,19.35,37.41,1017.37,63.79
2019/03/08 12:28:39,19.34,37.45,1017.35,63.78
2019/03/08 12:29:39,19.31,37.48,1017.36,63.75
2019/03/08 12:30:41,19.31,37.7,1017.22,63.75
2019/03/08 12:31:39,19.31,37.62,1017.36,63.76
2019/03/08 12:32:39,19.28,37.3,1017.42,63.71
2019/03/08 12:33:39,19.26,37.11,1017.27,63.67
2019/03/08 12:34:39,19.27,37.56,1017.45,63.71
2019/03/08 12:35:41,19.27,36.87,1017.39,63.67
2019/03/08 12:36:39,19.28,37.56,1017.46,63.71
2019/03/08 12:37:39,19.28,36.99,1017.35,63.68
2019/03/08 12:38:39,19.26,37.45,1017.37,63.68
2019/03/08 12:39:39,19.27,37.39,1017.4,63.7
2019/03/08 12:40:40,19.27,37.47,1017.28,63.7
2019/03/08 12:41:40,19.26,37.19,1017.27,63.67
2019/03/08 12:42:39,19.23,36.95,1017.32,63.62
2019/03/08 12:43:39,19.23,37.19,1017.21,63.64
2019/03/08 12:44:39,19.22,36.92,1017.25,63.61
2019/03/08 12:45:41,19.2,37.28,1017.16,63.6
2019/03/08 12:46:39,19.16,37.19,1017.15,63.55
2019/03/08 12:47:39,19.11,37.51,1017.28,63.51
2019/03/08 12:48:39,19.06,38.04,1017.19,63.47
2019/03/08 12:49:39,19.07,38.25,1017.15,63.49
2019/03/08 12:50:41,19.06,38.33,1017.09,63.49
2019/03/08 12:51:39,19.05,38.41,1017.09,63.48
2019/03/08 12:52:40,19.05,38.67,1017.23,63.5
2019/03/08 12:53:39,19.06,38.86,1017.24,63.51
2019/03/08 12:54:39,19.06,38.47,1017.24,63.49
2019/03/08 12:55:41,19.04,38.59,1017.24,63.47
2019/03/08 12:56:39,19.04,38.53,1017.21,63.47
2019/03/08 12:57:39,19.02,38.68,1017.24,63.46
2019/03/08 12:58:39,18.99,39.21,1017.21,63.45
2019/03/08 12:59:39,19.01,39.0,1017.16,63.46
2019/03/08 13:00:41,19.01,39.2,1017.18,63.47
2019/03/08 13:01:39,18.99,39.15,1017.18,63.44
2019/03/08 13:02:39,19.01,38.89,1017.16,63.45
2019/03/08 13:03:39,18.98,38.93,1017.19,63.42
2019/03/08 13:04:39,18.98,39.03,1017.25,63.43
2019/03/08 13:05:41,18.96,39.4,1017.31,63.41
2019/03/08 13:06:39,18.97,39.09,1017.25,63.41
2019/03/08 13:07:39,18.95,39.19,1017.32,63.39
2019/03/08 13:08:39,18.95,38.87,1017.29,63.38
2019/03/08 13:09:39,18.94,39.3,1017.25,63.39
2019/03/08 13:10:41,18.93,39.12,1017.18,63.37
2019/03/08 13:11:39,18.93,39.39,1017.29,63.38
2019/03/08 13:12:39,18.89,39.61,1017.17,63.35
2019/03/08 13:13:39,18.88,39.69,1017.36,63.33
2019/03/08 13:14:39,18.89,39.63,1017.33,63.34
2019/03/08 13:15:41,18.87,39.28,1017.34,63.3
2019/03/08 13:16:39,18.83,39.58,1017.31,63.27
2019/03/08 13:17:39,18.82,39.83,1017.34,63.26
2019/03/08 13:18:39,18.81,39.8,1017.28,63.26
2019/03/08 13:19:39,18.82,39.6,1017.31,63.25
2019/03/08 13:20:41,18.81,39.9,1017.24,63.25
2019/03/08 13:21:39,18.8,39.96,1017.3,63.25
2019/03/08 13:22:39,18.75,38.74,1017.4,63.14
2019/03/08 13:23:39,18.74,39.65,1017.29,63.17
2019/03/08 13:24:39,18.7,38.89,1017.28,63.09
2019/03/08 13:25:41,18.66,39.0,1017.29,63.05
2019/03/08 13:26:39,18.68,39.15,1017.43,63.07
2019/03/08 13:27:39,18.67,38.91,1017.38,63.05
2019/03/08 13:28:39,18.71,39.32,1017.45,63.12
2019/03/08 13:29:39,18.71,38.99,1017.49,63.11
2019/03/08 13:30:42,18.7,39.05,1017.42,63.1
2019/03/08 13:31:39,18.69,38.68,1017.37,63.07
2019/03/08 13:32:39,18.68,38.83,1017.41,63.06
2019/03/08 13:33:39,18.71,39.07,1017.38,63.11
2019/03/08 13:34:39,18.73,38.59,1017.46,63.11
2019/03/08 13:35:41,18.71,38.26,1017.57,63.08
2019/03/08 13:36:39,18.74,38.87,1017.45,63.13
2019/03/08 13:37:39,18.73,38.1,1017.55,63.09
2019/03/08 13:38:39,18.74,38.5,1017.59,63.12
2019/03/08 13:39:39,18.74,38.41,1017.51,63.12
2019/03/08 13:40:41,18.73,38.22,1017.54,63.09
2019/03/08 13:41:39,18.72,38.35,1017.5,63.09
2019/03/08 13:42:39,18.69,38.12,1017.64,63.05
2019/03/08 13:43:39,18.73,38.35,1017.55,63.1
2019/03/08 13:44:38,18.72,38.34,1017.58,63.09
2019/03/08 13:45:41,18.72,38.07,1017.58,63.07
2019/03/08 13:46:40,18.72,38.35,1017.58,63.09
2019/03/08 13:47:39,18.71,37.77,1017.57,63.06
2019/03/08 13:48:38,18.71,37.84,1017.57,63.06
2019/03/08 13:49:40,18.71,37.76,1017.57,63.06
2019/03/08 13:50:42,18.69,37.75,1017.59,63.03
2019/03/08 13:51:40,18.68,37.82,1017.56,63.02
2019/03/08 13:52:40,18.68,38.05,1017.52,63.03
2019/03/08 13:53:40,18.68,38.11,1017.57,63.03
2019/03/08 13:54:39,18.68,37.82,1017.45,63.02
2019/03/08 13:55:42,18.67,37.71,1017.57,63.0
2019/03/08 13:56:39,18.67,37.8,1017.55,63.01
2019/03/08 13:57:39,18.66,37.74,1017.53,62.99
2019/03/08 13:58:39,18.65,37.76,1017.56,62.98
2019/03/08 13:59:40,18.64,37.82,1017.63,62.97
2019/03/08 14:00:42,18.64,37.41,1017.55,62.96
2019/03/08 14:01:39,18.61,37.63,1017.53,62.93
2019/03/08 14:02:40,18.61,37.42,1017.5,62.92
2019/03/08 14:03:38,18.61,37.65,1017.55,62.93
2019/03/08 14:04:40,18.57,37.25,1017.53,62.86
2019/03/08 14:05:42,18.57,37.43,1017.59,62.87
2019/03/08 14:06:40,18.57,37.33,1017.54,62.87
2019/03/08 14:07:38,18.55,37.18,1017.55,62.84
2019/03/08 14:08:39,18.56,37.28,1017.54,62.85
2019/03/08 14:09:39,18.58,37.14,1017.56,62.88
2019/03/08 14:10:41,18.57,37.25,1017.54,62.87
2019/03/08 14:11:39,18.56,37.41,1017.52,62.86
2019/03/08 14:12:39,18.55,37.31,1017.48,62.85
2019/03/08 14:13:39,18.55,37.26,1017.56,62.84
2019/03/08 14:14:39,18.54,37.16,1017.64,62.82
2019/03/08 14:15:41,18.53,37.42,1017.74,62.83
2019/03/08 14:16:39,18.53,37.17,1017.63,62.82
2019/03/08 14:17:39,18.52,37.02,1017.55,62.79
2019/03/08 14:18:39,18.51,36.94,1017.59,62.78
2019/03/08 14:19:39,18.5,36.9,1017.55,62.77
2019/03/08 14:20:41,18.5,36.99,1017.52,62.77
2019/03/08 14:21:39,18.51,37.12,1017.68,62.79
2019/03/08 14:22:39,18.51,36.86,1017.64,62.77
2019/03/08 14:23:39,18.5,36.9,1017.69,62.77
2019/03/08 14:24:39,18.47,36.79,1017.74,62.73
2019/03/08 14:25:41,18.46,36.69,1017.64,62.72
2019/03/08 14:26:39,18.47,36.79,1017.74,62.73
2019/03/08 14:27:40,18.48,36.86,1017.79,62.75
2019/03/08 14:28:39,18.48,36.5,1017.73,62.73
2019/03/08 14:29:39,18.48,36.83,1017.81,62.74
2019/03/08 14:30:41,18.48,36.68,1017.87,62.74
2019/03/08 14:31:39,18.47,36.43,1017.82,62.72
2019/03/08 14:32:39,18.46,36.43,1017.77,62.7
2019/03/08 14:33:39,18.46,37.92,1017.82,62.76
2019/03/08 14:34:39,18.43,36.56,1017.75,62.67
2019/03/08 14:35:42,18.42,36.28,1017.75,62.65
2019/03/08 14:36:40,18.43,36.55,1017.85,62.67
2019/03/08 14:37:39,18.42,36.64,1017.84,62.67
2019/03/08 14:38:38,18.41,36.43,1017.8,62.65
2019/03/08 14:39:38,18.41,36.47,1017.9,62.64
2019/03/08 14:40:41,18.41,36.73,1017.84,62.65
2019/03/08 14:41:39,18.41,36.41,1017.85,62.65
2019/03/08 14:42:39,18.39,36.35,1017.79,62.62
2019/03/08 14:43:39,18.39,36.43,1017.92,62.62
2019/03/08 14:44:39,18.38,36.26,1017.9,62.6
2019/03/08 14:45:41,18.36,36.67,1017.9,62.6
2019/03/08 14:46:40,18.35,36.57,1017.8,62.58
2019/03/08 14:47:39,18.34,36.01,1017.92,62.55
2019/03/08 14:48:40,18.33,36.08,1017.93,62.54
2019/03/08 14:49:39,18.32,36.05,1017.96,62.52
2019/03/08 14:50:41,18.32,36.34,1018.02,62.54
2019/03/08 14:51:38,18.31,36.13,1018.05,62.52
2019/03/08 14:52:39,18.3,36.09,1017.93,62.5
2019/03/08 14:53:39,18.31,36.33,1018.0,62.52
2019/03/08 14:54:39,18.32,36.22,1018.01,62.53
2019/03/08 14:55:42,18.33,36.22,1018.05,62.54
2019/03/08 14:56:39,18.32,35.95,1018.1,62.52
2019/03/08 14:57:39,18.32,36.07,1017.94,62.53
2019/03/08 14:58:38,18.28,35.78,1018.0,62.47
2019/03/08 14:59:40,18.28,36.23,1018.06,62.49
2019/03/08 15:00:41,18.29,36.12,1017.94,62.49
2019/03/08 15:01:39,18.29,35.95,1018.02,62.49
2019/03/08 15:02:39,18.28,35.91,1018.07,62.47
2019/03/08 15:03:39,18.28,36.16,1018.1,62.48
2019/03/08 15:04:39,18.28,36.03,1018.08,62.48
2019/03/08 15:05:40,18.26,35.75,1018.02,62.44
2019/03/08 15:06:39,18.27,35.86,1018.07,62.46
2019/03/08 15:07:39,18.26,36.1,1018.07,62.46
2019/03/08 15:08:39,18.27,35.86,1018.08,62.45
2019/03/08 15:09:39,18.25,35.77,1018.06,62.43
2019/03/08 15:10:40,18.25,35.71,1018.13,62.42
2019/03/08 15:11:39,18.24,35.79,1018.17,62.42
2019/03/08 15:12:39,18.24,36.1,1018.31,62.43
2019/03/08 15:13:39,18.23,35.98,1018.24,62.42
2019/03/08 15:14:39,18.23,35.74,1018.29,62.41
2019/03/08 15:15:40,18.24,35.92,1018.3,62.42
2019/03/08 15:16:40,18.21,35.51,1018.22,62.37
2019/03/08 15:17:39,18.2,35.96,1018.24,62.38
2019/03/08 15:18:39,18.19,35.68,1018.35,62.36
2019/03/08 15:19:39,18.19,35.58,1018.19,62.35
2019/03/08 15:20:41,18.18,35.93,1018.26,62.36
2019/03/08 15:21:40,18.19,35.56,1018.27,62.35
2019/03/08 15:22:40,18.18,35.62,1018.26,62.35
2019/03/08 15:23:38,18.17,35.62,1018.28,62.33
2019/03/08 15:24:39,18.15,35.48,1018.47,62.3
2019/03/08 15:25:42,18.15,35.93,1018.47,62.32
2019/03/08 15:26:39,18.14,35.67,1018.24,62.3
2019/03/08 15:27:39,18.11,35.39,1018.4,62.26
2019/03/08 15:28:39,18.08,35.26,1018.35,62.22
2019/03/08 15:29:39,18.09,35.52,1018.44,62.23
2019/03/08 15:30:41,18.08,35.5,1018.46,62.22
2019/03/08 15:31:39,18.08,35.46,1018.4,62.22
2019/03/08 15:32:39,18.09,35.39,1018.45,62.23
2019/03/08 15:33:39,18.11,35.65,1018.45,62.26
2019/03/08 15:34:39,18.11,35.57,1018.48,62.26
2019/03/08 15:35:41,18.1,35.23,1018.44,62.24
2019/03/08 15:36:39,18.09,35.25,1018.41,62.22
2019/03/08 15:37:40,18.08,35.26,1018.46,62.22
2019/03/08 15:38:39,18.08,35.75,1018.45,62.23
2019/03/08 15:39:39,18.1,35.42,1018.44,62.24
2019/03/08 15:40:41,18.09,35.29,1018.36,62.22
2019/03/08 15:41:39,18.08,35.46,1018.46,62.22
2019/03/08 15:42:39,18.09,35.57,1018.45,62.24
2019/03/08 15:43:39,18.08,35.21,1018.42,62.21
2019/03/08 15:44:39,18.07,35.15,1018.52,62.2
2019/03/08 15:45:41,18.06,35.55,1018.5,62.2
2019/03/08 15:46:39,18.08,35.72,1018.51,62.23
2019/03/08 15:47:40,18.07,35.23,1018.52,62.2
2019/03/08 15:48:38,18.07,34.97,1018.51,62.19
2019/03/08 15:49:39,18.07,35.3,1018.49,62.21
2019/03/08 15:50:42,18.07,34.97,1018.52,62.19
2019/03/08 15:51:39,18.07,35.57,1018.49,62.21
2019/03/08 15:52:39,18.05,35.39,1018.54,62.19
2019/03/08 15:53:38,18.05,35.01,1018.51,62.17
2019/03/08 15:54:39,18.04,34.8,1018.6,62.15
2019/03/08 15:55:41,18.04,35.25,1018.5,62.17
2019/03/08 15:56:39,18.03,35.09,1018.53,62.15
2019/03/08 15:57:39,18.03,35.14,1018.51,62.15
2019/03/08 15:58:39,18.03,34.81,1018.58,62.14
2019/03/08 15:59:39,18.01,34.79,1018.63,62.12
2019/03/08 16:00:42,18.0,35.07,1018.64,62.12
2019/03/08 16:01:39,17.98,34.79,1018.66,62.08
2019/03/08 16:02:39,17.97,34.84,1018.59,62.07
2019/03/08 16:03:39,17.97,35.08,1018.69,62.08
2019/03/08 16:04:39,17.98,35.44,1018.69,62.11
2019/03/08 16:05:41,17.96,34.75,1018.7,62.06
2019/03/08 16:06:40,17.97,34.76,1018.66,62.06
2019/03/08 16:07:38,17.96,34.93,1018.76,62.06
2019/03/08 16:08:39,17.94,35.04,1018.72,62.04
2019/03/08 16:09:39,17.93,34.78,1018.81,62.02
2019/03/08 16:10:41,17.93,34.58,1018.71,62.02
2019/03/08 16:11:40,17.93,34.84,1018.83,62.02
2019/03/08 16:12:40,17.91,34.84,1018.81,62.0
2019/03/08 16:13:39,17.92,34.94,1018.89,62.01
2019/03/08 16:14:39,17.91,34.74,1018.81,62.0
2019/03/08 16:15:41,17.9,34.82,1018.79,61.99
2019/03/08 16:16:38,17.9,34.85,1018.86,61.99
2019/03/08 16:17:40,17.89,34.7,1018.88,61.97
2019/03/08 16:18:39,17.9,34.96,1018.91,61.99
2019/03/08 16:19:40,17.9,34.97,1018.76,62.0
2019/03/08 16:20:40,17.9,34.85,1018.84,61.99
2019/03/08 16:21:39,17.9,34.72,1018.89,61.98
2019/03/08 16:22:39,17.88,34.68,1018.91,61.96
2019/03/08 16:23:39,17.88,34.71,1018.83,61.96
2019/03/08 16:24:38,17.89,34.6,1018.98,61.97
2019/03/08 16:25:41,17.86,34.72,1019.01,61.94
2019/03/08 16:26:40,17.87,34.7,1019.05,61.95
2019/03/08 16:27:38,17.87,34.79,1018.99,61.95
2019/03/08 16:28:39,17.86,34.86,1019.01,61.95
2019/03/08 16:29:39,17.85,34.59,1019.18,61.92
2019/03/08 16:30:41,17.85,34.74,1019.16,61.93
2019/03/08 16:31:39,17.86,34.86,1019.14,61.94
2019/03/08 16:32:39,17.88,34.96,1019.14,61.97
2019/03/08 16:33:39,17.86,34.74,1019.14,61.94
2019/03/08 16:34:39,17.86,34.75,1019.09,61.94
2019/03/08 16:35:41,17.86,34.46,1019.16,61.93
2019/03/08 16:36:39,17.85,34.32,1019.21,61.92
2019/03/08 16:37:39,17.83,34.63,1019.15,61.9
2019/03/08 16:38:39,17.82,34.81,1019.18,61.9
2019/03/08 16:39:39,17.82,34.51,1019.24,61.89
2019/03/08 16:40:41,17.8,34.39,1019.31,61.86
2019/03/08 16:41:39,17.79,34.5,1019.29,61.85
2019/03/08 16:42:39,17.79,34.69,1019.22,61.86
2019/03/08 16:43:39,17.79,34.52,1019.19,61.85
2019/03/08 16:44:39,17.77,34.55,1019.27,61.84
2019/03/08 16:45:41,17.77,34.34,1019.28,61.82
2019/03/08 16:46:39,17.75,34.51,1019.25,61.81
2019/03/08 16:47:39,17.74,34.48,1019.26,61.79
2019/03/08 16:48:39,17.75,34.43,1019.28,61.8
2019/03/08 16:49:39,17.73,34.28,1019.3,61.78
2019/03/08 16:50:41,17.72,34.38,1019.23,61.77
2019/03/08 16:51:39,17.72,34.62,1019.33,61.78
2019/03/08 16:52:39,17.7,34.26,1019.31,61.75
2019/03/08 16:53:38,17.7,34.37,1019.35,61.74
2019/03/08 16:54:39,17.71,34.52,1019.29,61.76
2019/03/08 16:55:41,17.71,34.65,1019.31,61.76
2019/03/08 16:56:40,17.7,34.35,1019.27,61.74
2019/03/08 16:57:40,17.71,34.63,1019.3,61.77
2019/03/08 16:58:39,17.71,34.6,1019.34,61.76
2019/03/08 16:59:39,17.71,34.4,1019.29,61.76
2019/03/08 17:00:41,17.7,34.31,1019.35,61.74
2019/03/08 17:01:39,17.69,34.5,1019.39,61.74
2019/03/08 17:02:40,17.71,34.61,1019.5,61.76
2019/03/08 17:03:39,17.7,34.39,1019.46,61.74
2019/03/08 17:04:39,17.69,34.43,1019.42,61.74
2019/03/08 17:05:41,17.68,34.56,1019.46,61.73
2019/03/08 17:06:39,17.69,34.51,1019.47,61.74
2019/03/08 17:07:40,17.67,34.47,1019.47,61.72
2019/03/08 17:08:39,17.7,34.85,1019.54,61.76
2019/03/08 17:09:39,17.7,34.64,1019.52,61.76
2019/03/08 17:10:41,17.69,34.2,1019.49,61.73
2019/03/08 17:11:39,17.67,34.25,1019.52,61.71
2019/03/08 17:12:39,17.68,34.52,1019.54,61.73
2019/03/08 17:13:39,17.67,34.56,1019.63,61.72
2019/03/08 17:14:39,17.67,34.35,1019.62,61.71
2019/03/08 17:15:42,17.66,34.76,1019.63,61.71
2019/03/08 17:16:39,17.67,34.67,1019.78,61.72
2019/03/08 17:17:39,17.66,34.62,1019.72,61.71
2019/03/08 17:18:40,17.65,34.38,1019.72,61.69
2019/03/08 17:19:39,17.62,34.24,1019.74,61.65
2019/03/08 17:20:41,17.6,34.29,1019.68,61.63
2019/03/08 17:21:39,17.61,34.52,1019.75,61.64
2019/03/08 17:22:38,17.59,34.27,1019.72,61.61
2019/03/08 17:23:39,17.6,34.35,1019.79,61.63
2019/03/08 17:24:39,17.57,34.47,1019.87,61.6
2019/03/08 17:25:41,17.57,34.16,1019.87,61.59
2019/03/08 17:26:38,17.57,34.31,1019.87,61.59
2019/03/08 17:27:39,17.56,34.25,1019.86,61.58
2019/03/08 17:28:39,17.56,34.38,1019.96,61.58
2019/03/08 17:29:40,17.55,34.31,1020.01,61.57
2019/03/08 17:30:42,17.56,34.34,1020.01,61.58
2019/03/08 17:31:38,17.54,34.11,1020.01,61.55
2019/03/08 17:32:40,17.55,34.37,1020.0,61.57
2019/03/08 17:33:38,17.55,34.53,1020.1,61.58
2019/03/08 17:34:40,17.54,34.16,1020.17,61.55
2019/03/08 17:35:40,17.51,34.1,1020.17,61.52
2019/03/08 17:36:39,17.5,34.24,1020.11,61.51
2019/03/08 17:37:39,17.51,34.42,1020.19,61.53
2019/03/08 17:38:39,17.5,34.2,1020.24,61.51
2019/03/08 17:39:40,17.5,34.17,1020.24,61.51
2019/03/08 17:40:41,17.5,34.58,1020.31,61.52
2019/03/08 17:41:39,17.5,34.14,1020.31,61.51
2019/03/08 17:42:38,17.5,34.06,1020.28,61.5
2019/03/08 17:43:40,17.49,34.16,1020.43,61.49
2019/03/08 17:44:38,17.47,34.12,1020.34,61.47
2019/03/08 17:45:41,17.48,34.53,1020.39,61.5
2019/03/08 17:46:40,17.48,34.21,1020.41,61.48
2019/03/08 17:47:39,17.47,34.34,1020.44,61.48
2019/03/08 17:48:39,17.47,34.3,1020.47,61.48
2019/03/08 17:49:39,17.47,34.13,1020.47,61.47
2019/03/08 17:50:41,17.46,34.4,1020.48,61.47
2019/03/08 17:51:39,17.46,34.54,1020.54,61.48
2019/03/08 17:52:39,17.47,34.28,1020.72,61.48
2019/03/08 17:53:39,17.46,34.18,1020.51,61.46
2019/03/08 17:54:39,17.45,34.39,1020.57,61.46
2019/03/08 17:55:42,17.45,34.29,1020.68,61.46
2019/03/08 17:56:39,17.44,34.29,1020.67,61.45
2019/03/08 17:57:39,17.43,34.03,1020.67,61.42
2019/03/08 17:58:40,17.44,34.06,1020.77,61.43
2019/03/08 17:59:39,17.43,34.38,1020.78,61.44
2019/03/08 18:00:41,17.43,34.32,1020.83,61.43
2019/03/08 18:01:39,17.4,34.03,1020.81,61.39
2019/03/08 18:02:40,17.41,34.12,1020.83,61.41
2019/03/08 18:03:39,17.4,34.2,1020.8,61.39
2019/03/08 18:04:39,17.38,34.13,1020.83,61.37
2019/03/08 18:05:42,17.38,34.19,1020.88,61.37
2019/03/08 18:06:40,17.36,34.0,1020.89,61.34
2019/03/08 18:07:39,17.35,33.97,1020.98,61.33
2019/03/08 18:08:40,17.35,34.05,1020.9,61.33
2019/03/08 18:09:38,17.35,34.16,1020.9,61.33
2019/03/08 18:10:41,17.35,33.99,1020.98,61.33
2019/03/08 18:11:40,17.34,34.16,1021.02,61.32
2019/03/08 18:12:39,17.32,34.07,1020.98,61.3
2019/03/08 18:13:39,17.32,34.01,1021.04,61.29
2019/03/08 18:14:38,17.32,34.09,1021.01,61.3
2019/03/08 18:15:42,17.31,33.92,1021.05,61.28
2019/03/08 18:16:39,17.31,33.99,1021.1,61.28
2019/03/08 18:17:39,17.31,34.16,1021.13,61.29
2019/03/08 18:18:39,17.3,33.97,1021.17,61.28
2019/03/08 18:19:39,17.31,34.17,1021.18,61.29
2019/03/08 18:20:41,17.29,33.95,1021.17,61.26
2019/03/08 18:21:39,17.3,34.07,1021.24,61.27
2019/03/08 18:22:40,17.29,33.94,1021.23,61.26
2019/03/08 18:23:38,17.27,34.09,1021.23,61.24
2019/03/08 18:24:39,17.29,34.1,1021.2,61.26
2019/03/08 18:25:41,17.3,34.1,1021.22,61.27
2019/03/08 18:26:39,17.3,34.22,1021.22,61.28
2019/03/08 18:27:40,17.3,34.01,1021.35,61.27
2019/03/08 18:28:39,17.3,34.09,1021.43,61.27
2019/03/08 18:29:38,17.29,34.16,1021.33,61.26
2019/03/08 18:30:41,17.28,34.18,1021.45,61.25
2019/03/08 18:31:40,17.26,33.86,1021.44,61.22
2019/03/08 18:32:39,17.25,34.14,1021.4,61.22
2019/03/08 18:33:39,17.26,34.0,1021.47,61.22
2019/03/08 18:34:39,17.23,34.12,1021.48,61.2
2019/03/08 18:35:41,17.24,34.35,1021.43,61.21
2019/03/08 18:36:39,17.25,34.0,1021.56,61.21
2019/03/08 18:37:39,17.25,33.92,1021.5,61.21
2019/03/08 18:38:39,17.24,33.88,1021.54,61.2
2019/03/08 18:39:39,17.23,34.0,1021.52,61.19
2019/03/08 18:40:41,17.22,33.96,1021.66,61.18
2019/03/08 18:41:39,17.22,34.1,1021.5,61.18
2019/03/08 18:42:39,17.22,33.88,1021.61,61.18
2019/03/08 18:43:39,17.21,34.32,1021.73,61.18
2019/03/08 18:44:40,17.2,33.98,1021.68,61.15
2019/03/08 18:45:41,17.19,34.17,1021.67,61.15
2019/03/08 18:46:39,17.21,33.88,1021.7,61.16
2019/03/08 18:47:39,17.2,33.89,1021.74,61.15
2019/03/08 18:48:39,17.18,33.89,1021.82,61.14
2019/03/08 18:49:39,17.17,33.89,1021.84,61.12
2019/03/08 18:50:41,17.15,33.9,1021.79,61.1
2019/03/08 18:51:39,17.15,33.93,1021.81,61.1
2019/03/08 18:52:39,17.14,33.97,1021.9,61.09
2019/03/08 18:53:39,17.13,33.91,1021.86,61.08
2019/03/08 18:54:39,17.13,34.04,1021.89,61.08
2019/03/08 18:55:41,17.11,33.82,1021.85,61.05
2019/03/08 18:56:39,17.11,33.8,1021.93,61.05
2019/03/08 18:57:39,17.11,33.85,1021.93,61.05
2019/03/08 18:58:39,17.12,33.96,1021.93,61.07
2019/03/08 18:59:39,17.13,33.81,1021.88,61.07
2019/03/08 19:00:41,17.12,33.81,1021.97,61.06
2019/03/08 19:01:40,17.09,34.01,1022.01,61.03
2019/03/08 19:02:39,17.11,33.93,1021.95,61.05
2019/03/08 19:03:39,17.11,33.93,1022.01,61.06
2019/03/08 19:04:39,17.21,33.35,1022.07,61.15
2019/03/08 19:05:41,17.67,32.52,1022.01,61.65
2019/03/08 19:06:40,18.08,31.72,1022.07,62.08
2019/03/08 19:07:39,18.43,31.49,1022.04,62.47
2019/03/08 19:08:39,18.75,31.11,1021.98,62.82
2019/03/08 19:09:39,19.04,30.73,1022.07,63.12
2019/03/08 19:10:41,19.15,30.53,1022.04,63.23
2019/03/08 19:11:39,19.29,30.44,1022.09,63.38
2019/03/08 19:12:39,19.47,30.21,1022.08,63.57
2019/03/08 19:13:39,19.73,29.91,1022.07,63.84
2019/03/08 19:14:39,19.96,29.61,1022.07,64.09
2019/03/08 19:15:42,20.17,29.37,1022.19,64.31
2019/03/08 19:16:39,20.37,29.14,1022.05,64.51
2019/03/08 19:17:40,20.58,28.79,1022.04,64.72
2019/03/08 19:18:40,20.67,28.79,1022.02,64.81
2019/03/08 19:19:39,20.78,28.7,1022.06,64.93
2019/03/08 19:20:41,20.85,28.6,1021.98,65.0
2019/03/08 19:21:40,20.94,29.07,1021.95,65.13
2019/03/08 19:22:39,21.09,28.49,1022.04,65.25
2019/03/08 19:23:39,21.25,28.45,1021.94,65.43
2019/03/08 19:24:39,21.33,28.47,1021.98,65.52
2019/03/08 19:25:41,21.44,28.42,1021.95,65.63
2019/03/08 19:26:39,21.56,28.41,1022.02,65.77
2019/03/08 19:27:39,21.72,28.25,1021.9,65.93
2019/03/08 19:28:39,21.78,28.21,1021.96,65.99
2019/03/08 19:29:39,21.9,28.0,1022.02,66.11
2019/03/08 19:30:41,21.89,28.17,1022.03,66.11
2019/03/08 19:31:39,21.97,28.14,1022.06,66.19
2019/03/08 19:32:39,21.9,28.25,1022.1,66.13
2019/03/08 19:33:39,21.85,28.38,1022.12,66.08
2019/03/08 19:34:39,21.84,28.48,1022.12,66.07
2019/03/08 19:35:41,21.73,28.71,1022.13,65.97
2019/03/08 19:36:39,21.69,28.78,1022.13,65.93
2019/03/08 19:37:39,21.7,28.79,1022.17,65.94
2019/03/08 19:38:39,21.76,28.8,1022.28,66.01
2019/03/08 19:39:39,21.78,28.75,1022.27,66.03
2019/03/08 19:40:41,21.84,28.75,1022.21,66.1
2019/03/08 19:41:39,21.87,28.74,1022.25,66.12
2019/03/08 19:42:39,21.87,28.8,1022.28,66.13
2019/03/08 19:43:39,21.95,28.76,1022.32,66.22
2019/03/08 19:44:39,21.92,28.9,1022.27,66.2
2019/03/08 19:45:41,22.02,28.82,1022.29,66.3
2019/03/08 19:46:39,21.96,28.92,1022.25,66.24
2019/03/08 19:47:39,22.05,28.84,1022.3,66.34
2019/03/08 19:48:39,22.15,28.89,1022.3,66.44
2019/03/08 19:49:38,22.21,28.81,1022.33,66.51
2019/03/08 19:50:42,22.15,28.89,1022.34,66.45
2019/03/08 19:51:39,22.22,28.9,1022.4,66.52
2019/03/08 19:52:39,22.28,28.88,1022.43,66.59
2019/03/08 19:53:39,22.3,28.88,1022.37,66.61
2019/03/08 19:54:39,22.36,28.9,1022.4,66.68
2019/03/08 19:55:41,22.36,29.09,1022.38,66.7
2019/03/08 19:56:39,22.39,29.23,1022.47,66.73
2019/03/08 19:57:39,22.21,29.64,1022.46,66.57
2019/03/08 19:58:39,21.88,30.11,1022.46,66.24
2019/03/08 19:59:39,21.59,30.44,1022.53,65.94
2019/03/08 20:00:41,21.38,30.93,1022.54,65.74
2019/03/08 20:01:39,21.21,31.12,1022.5,65.57
2019/03/08 20:02:39,21.08,31.16,1022.54,65.42
2019/03/08 20:03:39,20.98,31.45,1022.58,65.33
2019/03/08 20:04:40,21.04,31.32,1022.6,65.38
2019/03/08 20:05:41,21.3,30.93,1022.62,65.65
2019/03/08 20:06:39,21.46,30.74,1022.61,65.82
2019/03/08 20:07:39,21.56,30.58,1022.53,65.92
2019/03/08 20:08:39,21.77,30.34,1022.57,66.14
2019/03/08 20:09:39,21.98,29.98,1022.5,66.34
2019/03/08 20:10:41,22.16,29.73,1022.56,66.52
2019/03/08 20:11:39,22.28,29.53,1022.58,66.64
2019/03/08 20:12:39,22.29,29.5,1022.55,66.65
2019/03/08 20:13:39,22.31,29.42,1022.55,66.66
2019/03/08 20:14:39,22.31,29.42,1022.64,66.67
2019/03/08 20:15:41,22.33,29.4,1022.56,66.68
2019/03/08 20:16:39,22.38,29.31,1022.6,66.74
2019/03/08 20:17:39,22.34,29.38,1022.64,66.7
2019/03/08 20:18:40,22.4,29.26,1022.66,66.75
2019/03/08 20:19:39,22.41,29.27,1022.64,66.76
2019/03/08 20:20:41,22.45,29.25,1022.65,66.8
2019/03/08 20:21:39,22.42,29.2,1022.64,66.77
2019/03/08 20:22:39,22.44,29.23,1022.69,66.78
2019/03/08 20:23:39,22.38,29.3,1022.67,66.73
2019/03/08 20:24:40,22.29,29.42,1022.71,66.64
2019/03/08 20:25:41,22.21,29.54,1022.63,66.57
2019/03/08 20:26:39,22.26,29.55,1022.73,66.62
2019/03/08 20:27:39,22.23,29.56,1022.66,66.59
2019/03/08 20:28:39,22.23,29.6,1022.74,66.59
2019/03/08 20:29:39,22.21,29.62,1022.68,66.57
2019/03/08 20:30:42,22.33,29.41,1022.75,66.68
2019/03/08 20:31:39,22.39,29.39,1022.72,66.75
2019/03/08 20:32:39,22.39,29.37,1022.72,66.75
2019/03/08 20:33:39,22.39,29.41,1022.72,66.75
2019/03/08 20:34:39,22.44,29.3,1022.87,66.79
2019/03/08 20:35:41,22.48,29.25,1022.81,66.83
2019/03/08 20:36:38,22.38,29.54,1022.84,66.75
2019/03/08 20:37:39,22.1,29.82,1022.87,66.46
2019/03/08 20:38:40,21.87,30.33,1022.96,66.25
2019/03/08 20:39:39,21.71,30.44,1022.9,66.08
2019/03/08 20:40:41,21.57,30.74,1022.98,65.94
2019/03/08 20:41:39,21.47,30.97,1022.97,65.84
2019/03/08 20:42:40,21.35,30.91,1023.0,65.71
2019/03/08 20:43:40,21.37,30.83,1022.93,65.72
2019/03/08 20:44:39,21.51,30.58,1022.94,65.87
2019/03/08 20:45:41,21.74,30.25,1022.95,66.1
2019/03/08 20:46:39,21.79,30.25,1023.03,66.15
2019/03/08 20:47:39,22.0,29.92,1022.93,66.36
2019/03/08 20:48:39,22.13,29.74,1023.0,66.49
2019/03/08 20:49:39,22.21,29.57,1023.0,66.57
2019/03/08 20:50:41,22.38,29.38,1022.92,66.74
2019/03/08 20:51:39,22.54,29.22,1023.0,66.9
2019/03/08 20:52:38,22.67,29.08,1023.0,67.03
2019/03/08 20:53:39,22.65,29.18,1023.02,67.01
2019/03/08 20:54:39,22.37,29.42,1023.09,66.73
2019/03/08 20:55:41,22.05,29.86,1023.08,66.41
2019/03/08 20:56:39,21.85,30.19,1023.07,66.21
2019/03/08 20:57:38,21.66,30.36,1023.05,66.01
2019/03/08 20:58:40,21.54,30.44,1023.21,65.88
2019/03/08 20:59:39,21.48,30.42,1023.17,65.82
2019/03/08 21:00:41,21.58,30.37,1023.21,65.93
2019/03/08 21:01:39,21.69,30.29,1023.18,66.04
2019/03/08 21:02:39,21.88,30.05,1023.13,66.24
2019/03/08 21:03:39,22.0,29.89,1023.21,66.36
2019/03/08 21:04:39,22.22,29.55,1023.24,66.58
2019/03/08 21:05:41,22.39,29.27,1023.14,66.74
2019/03/08 21:06:39,22.52,29.11,1023.2,66.86
2019/03/08 21:07:39,22.64,28.98,1023.14,66.99
2019/03/08 21:08:39,22.74,28.82,1023.15,67.08
2019/03/08 21:09:40,22.83,28.73,1023.19,67.17
2019/03/08 21:10:41,22.83,28.72,1023.11,67.17
2019/03/08 21:11:39,22.57,28.99,1023.13,66.91
2019/03/08 21:12:39,22.27,29.47,1023.08,66.63
2019/03/08 21:13:40,22.04,29.73,1023.25,66.39
2019/03/08 21:14:39,21.94,29.88,1023.13,66.29
2019/03/08 21:15:41,21.82,30.01,1023.14,66.17
2019/03/08 21:16:39,21.68,30.07,1023.1,66.01
2019/03/08 21:17:39,21.89,29.84,1023.22,66.23
2019/03/08 21:18:38,22.01,29.68,1023.2,66.35
2019/03/08 21:19:39,22.15,29.48,1023.28,66.49
2019/03/08 21:20:42,22.19,29.37,1023.18,66.53
2019/03/08 21:21:39,22.34,29.24,1023.22,66.68
2019/03/08 21:22:39,22.5,29.01,1023.24,66.83
2019/03/08 21:23:40,22.66,28.84,1023.22,67.0
2019/03/08 21:24:39,22.82,28.61,1023.28,67.15
2019/03/08 21:25:42,22.88,28.59,1023.28,67.22
2019/03/08 21:26:39,22.89,28.52,1023.24,67.22
2019/03/08 21:27:39,22.92,28.5,1023.27,67.25
2019/03/08 21:28:39,22.68,28.75,1023.31,67.01
2019/03/08 21:29:39,22.34,29.25,1023.34,66.69
2019/03/08 21:30:41,22.07,29.7,1023.35,66.42
2019/03/08 21:31:39,21.91,29.87,1023.37,66.26
2019/03/08 21:32:40,21.8,29.89,1023.37,66.14
2019/03/08 21:33:39,21.69,30.01,1023.4,66.02
2019/03/08 21:34:39,21.82,29.87,1023.37,66.15
2019/03/08 21:35:42,22.07,29.51,1023.38,66.41
2019/03/08 21:36:39,22.21,29.38,1023.38,66.55
2019/03/08 21:37:40,22.42,29.18,1023.45,66.77
2019/03/08 21:38:39,22.56,28.94,1023.37,66.89
2019/03/08 21:39:39,22.62,28.92,1023.42,66.96
2019/03/08 21:40:40,22.8,28.74,1023.36,67.14
2019/03/08 21:41:40,22.89,28.58,1023.47,67.23
2019/03/08 21:42:39,22.92,28.57,1023.36,67.27
2019/03/08 21:43:39,22.93,28.61,1023.45,67.27
2019/03/08 21:44:39,22.94,28.58,1023.33,67.28
2019/03/08 21:45:40,22.68,28.87,1023.42,67.02
2019/03/08 21:46:39,22.41,29.32,1023.4,66.77
2019/03/08 21:47:39,22.29,29.52,1023.35,66.65
2019/03/08 21:48:39,22.1,29.73,1023.43,66.46
2019/03/08 21:49:39,21.94,29.91,1023.43,66.29
2019/03/08 21:50:41,21.83,30.06,1023.5,66.18
2019/03/08 21:51:39,21.97,29.87,1023.5,66.32
2019/03/08 21:52:39,22.18,29.5,1023.45,66.52
2019/03/08 21:53:40,22.3,29.34,1023.45,66.65
2019/03/08 21:54:39,22.37,29.33,1023.57,66.72
2019/03/08 21:55:41,22.56,29.17,1023.44,66.92
2019/03/08 21:56:40,22.67,28.94,1023.54,67.02
2019/03/08 21:57:39,22.83,28.7,1023.5,67.18
2019/03/08 21:58:39,22.99,28.5,1023.42,67.34
2019/03/08 21:59:38,23.0,28.49,1023.44,67.35
2019/03/08 22:00:41,23.05,28.46,1023.49,67.39
2019/03/08 22:01:39,23.03,28.41,1023.41,67.37
2019/03/08 22:02:39,22.82,28.87,1023.53,67.18
2019/03/08 22:03:39,22.56,29.18,1023.41,66.92
2019/03/08 22:04:38,22.32,29.49,1023.49,66.68
2019/03/08 22:05:41,22.13,29.85,1023.56,66.5
2019/03/08 22:06:39,22.01,30.16,1023.52,66.39
2019/03/08 22:07:38,21.89,30.27,1023.52,66.26
2019/03/08 22:08:39,21.94,29.96,1023.55,66.29
2019/03/08 22:09:39,22.18,29.61,1023.59,66.53
2019/03/08 22:10:41,22.38,29.22,1023.54,66.73
2019/03/08 22:11:40,22.52,29.12,1023.57,66.86
2019/03/08 22:12:38,22.71,28.86,1023.61,67.05
2019/03/08 22:13:39,22.76,28.75,1023.5,67.1
2019/03/08 22:14:38,22.92,28.54,1023.56,67.26
2019/03/08 22:15:41,23.05,28.39,1023.63,67.39
2019/03/08 22:16:39,23.11,28.27,1023.6,67.45
2019/03/08 22:17:39,23.12,28.26,1023.59,67.46
2019/03/08 22:18:39,23.11,28.25,1023.62,67.44
2019/03/08 22:19:39,22.84,28.5,1023.53,67.17
2019/03/08 22:20:41,22.58,29.03,1023.65,66.92
2019/03/08 22:21:39,22.35,29.31,1023.57,66.7
2019/03/08 22:22:39,22.2,29.53,1023.57,66.55
2019/03/08 22:23:39,22.08,29.59,1023.59,66.42
2019/03/08 22:24:39,21.95,29.65,1023.55,66.29
2019/03/08 22:25:41,22.06,29.66,1023.52,66.41
2019/03/08 22:26:39,22.24,29.39,1023.57,66.59
2019/03/08 22:27:39,22.37,29.2,1023.54,66.71
2019/03/08 22:28:40,22.54,28.98,1023.58,66.88
2019/03/08 22:29:38,22.73,28.77,1023.53,67.07
2019/03/08 22:30:42,22.79,28.83,1023.45,67.14
2019/03/08 22:31:39,22.95,28.65,1023.56,67.3
2019/03/08 22:32:39,23.03,28.5,1023.59,67.37
2019/03/08 22:33:39,23.08,28.42,1023.46,67.42
2019/03/08 22:34:39,23.14,28.33,1023.57,67.48
2019/03/08 22:35:41,23.09,28.46,1023.59,67.44
2019/03/08 22:36:40,22.88,28.78,1023.6,67.23
2019/03/08 22:37:39,22.61,29.21,1023.63,66.98
2019/03/08 22:38:39,22.34,29.45,1023.73,66.7
2019/03/08 22:39:39,22.15,29.78,1023.65,66.52
2019/03/08 22:40:41,22.02,30.01,1023.8,66.39
2019/03/08 22:41:39,21.96,30.06,1023.75,66.33
2019/03/08 22:42:39,21.91,30.26,1023.85,66.28
2019/03/08 22:43:39,21.84,30.48,1023.79,66.22
2019/03/08 22:44:39,21.85,30.39,1023.89,66.23
2019/03/08 22:45:42,21.81,30.41,1023.81,66.18
2019/03/08 22:46:39,21.72,30.5,1023.85,66.09
2019/03/08 22:47:39,21.64,30.66,1023.95,66.01
2019/03/08 22:48:38,21.58,30.66,1023.8,65.95
2019/03/08 22:49:39,21.6,30.76,1023.81,65.98
2019/03/08 22:50:41,21.53,30.95,1023.82,65.91
2019/03/08 22:51:39,21.48,31.07,1023.79,65.87
2019/03/08 22:52:39,21.45,30.98,1023.84,65.82
2019/03/08 22:53:39,21.36,31.05,1023.83,65.73
2019/03/08 22:54:39,21.34,31.08,1023.8,65.71
2019/03/08 22:55:41,21.32,31.13,1023.81,65.69
2019/03/08 22:56:39,21.26,31.25,1023.76,65.63
2019/03/08 22:57:39,21.25,31.24,1023.79,65.62
2019/03/08 22:58:38,21.18,31.26,1023.81,65.54
2019/03/08 22:59:39,21.19,31.36,1023.74,65.56
2019/03/08 23:00:41,21.2,31.21,1023.79,65.56
2019/03/08 23:01:40,21.16,31.19,1023.77,65.51
2019/03/08 23:02:39,21.08,31.25,1023.82,65.42
2019/03/08 23:03:39,21.05,31.22,1023.82,65.39
2019/03/08 23:04:39,21.03,31.35,1023.74,65.38
2019/03/08 23:05:41,21.0,31.51,1023.77,65.36
2019/03/08 23:06:39,20.93,31.5,1023.81,65.28
2019/03/08 23:07:39,20.91,31.62,1023.8,65.26
2019/03/08 23:08:39,20.9,31.49,1023.78,65.24
2019/03/08 23:09:39,20.89,31.45,1023.73,65.22
2019/03/08 23:10:41,20.86,31.42,1023.79,65.19
2019/03/08 23:11:40,20.83,31.45,1023.85,65.16
2019/03/08 23:12:39,20.79,31.47,1023.8,65.11
2019/03/08 23:13:39,20.75,31.57,1023.82,65.08
2019/03/08 23:14:39,20.73,31.44,1023.68,65.05
2019/03/08 23:15:41,20.74,31.58,1023.75,65.07
2019/03/08 23:16:40,20.72,31.44,1023.79,65.03
2019/03/08 23:17:39,20.71,31.51,1023.75,65.02
2019/03/08 23:18:39,20.7,31.67,1023.79,65.03
2019/03/08 23:19:39,20.66,31.82,1023.82,64.99
2019/03/08 23:20:41,20.65,31.85,1023.87,64.98
2019/03/08 23:21:39,20.58,31.87,1023.86,64.91
2019/03/08 23:22:39,20.58,31.82,1023.86,64.91
2019/03/08 23:23:39,20.55,31.77,1023.81,64.87
2019/03/08 23:24:40,20.55,31.88,1023.81,64.88
2019/03/08 23:25:41,20.55,31.76,1023.8,64.86
2019/03/08 23:26:39,20.51,31.6,1023.84,64.81
2019/03/08 23:27:39,20.49,31.76,1023.84,64.8
2019/03/08 23:28:39,20.48,31.77,1023.79,64.79
2019/03/08 23:29:40,20.47,31.72,1023.82,64.77
2019/03/08 23:30:41,20.43,31.52,1023.82,64.72
2019/03/08 23:31:39,20.39,31.58,1023.8,64.68
2019/03/08 23:32:39,20.38,31.55,1023.81,64.67
2019/03/08 23:33:39,20.38,31.76,1023.85,64.67
2019/03/08 23:34:39,20.34,31.67,1023.82,64.63
2019/03/08 23:35:41,20.32,31.52,1023.81,64.6
2019/03/08 23:36:39,20.28,31.5,1023.82,64.54
2019/03/08 23:37:39,20.26,31.55,1023.84,64.53
2019/03/08 23:38:39,20.24,31.62,1023.81,64.51
2019/03/08 23:39:39,20.24,31.75,1023.83,64.51
2019/03/08 23:40:41,20.21,31.67,1023.78,64.48
2019/03/08 23:41:38,20.19,31.67,1023.83,64.46
2019/03/08 23:42:39,20.18,32.33,1023.8,64.48
2019/03/08 23:43:39,20.16,31.69,1023.75,64.43
2019/03/08 23:44:40,20.14,31.66,1023.8,64.4
2019/03/08 23:45:40,20.1,31.81,1023.81,64.36
2019/03/08 23:46:39,20.09,31.62,1023.76,64.34
2019/03/08 23:47:39,20.08,31.94,1023.75,64.35
2019/03/08 23:48:39,20.05,31.96,1023.82,64.31
2019/03/08 23:49:39,20.05,32.33,1023.8,64.34
2019/03/08 23:50:41,20.03,32.04,1023.8,64.3
2019/03/08 23:51:39,20.01,32.65,1023.89,64.3
2019/03/08 23:52:39,19.99,33.25,1023.8,64.31
2019/03/08 23:53:38,19.98,33.02,1023.9,64.3
2019/03/08 23:54:39,19.98,32.49,1023.89,64.26
2019/03/08 23:55:42,19.96,32.46,1023.86,64.24
2019/03/08 23:56:39,19.93,32.44,1023.81,64.21
2019/03/08 23:57:38,19.9,32.32,1023.84,64.17
2019/03/08 23:58:39,19.92,32.5,1023.79,64.2
2019/03/08 23:59:38,19.93,32.44,1023.85,64.2
